,YEAR,EQ_PRIMARY,DEATHS,FOCAL_DEPTH,REGION_CODE,INJURIES,COUNTRY,REGION_CODE
2,-2000,7.1,1.0,18.0,40.0,,TURKMENISTAN,40.0
16,-426,7.1,2500.0,,130.0,,GREECE,130.0
33,-186,7.0,760.0,,30.0,,CHINA,30.0
35,-70,7.0,6000.0,,30.0,,CHINA,30.0
46,-26,5.5,13.0,,30.0,,CHINA,30.0
73,115,7.5,260000.0,,140.0,,TURKEY,140.0
92,294,5.5,101.0,,30.0,,CHINA,30.0
143,512,7.5,5130.0,,30.0,2720.0,CHINA,30.0
148,525,7.0,250000.0,,140.0,,TURKEY,140.0
150,528,7.1,4870.0,,140.0,,TURKEY,140.0
154,551,7.1,5000.0,,130.0,,GREECE,130.0
173,649,5.5,50.0,,30.0,,CHINA,30.0
184,734,7.0,101.0,,30.0,,CHINA,30.0
201,778,5.6,48.0,,130.0,,ITALY,130.0
202,780,6.3,100.0,,30.0,,SOUTH KOREA,30.0
210,814,7.0,101.0,,30.0,,CHINA,30.0
225,851,5.2,12000.0,10.0,40.0,,ARMENIA,40.0
233,856,7.9,200000.0,,140.0,,IRAN,140.0
236,858,5.2,12000.0,10.0,140.0,,TURKEY,140.0
247,871,6.8,20000.0,,140.0,,IRAN,140.0
275,978,5.3,2000.0,,140.0,,IRAN,140.0
289,1008,6.5,16000.0,,140.0,,IRAN,140.0
298,1038,7.3,32300.0,,30.0,,CHINA,30.0
302,1042,7.6,50000.0,15.0,140.0,,IRAN,140.0
308,1057,6.8,25000.0,,30.0,,CHINA,30.0
331,1096,8.4,400.0,,30.0,,JAPAN,30.0
333,1101,6.5,60000.0,10.0,140.0,,IRAN,140.0
356,1143,6.0,10000.0,,30.0,,CHINA,30.0
382,1202,7.6,30000.0,,140.0,,SYRIA,140.0
385,1208,6.1,2000.0,10.0,40.0,,TURKMENISTAN,40.0
386,1209,6.3,3000.0,,30.0,,CHINA,30.0
389,1219,6.5,10000.0,,30.0,,CHINA,30.0
426,1290,6.8,100000.0,,30.0,,CHINA,30.0
428,1291,6.5,150.0,,30.0,,CHINA,30.0
430,1293,7.1,23024.0,,30.0,,JAPAN,30.0
438,1303,8.0,4000.0,,130.0,,GREECE,130.0
441,1305,6.5,2000.0,,30.0,,CHINA,30.0
442,1306,6.5,5000.0,,30.0,,CHINA,30.0
447,1314,6.0,340.0,,30.0,,CHINA,30.0
458,1336,7.6,20000.0,,140.0,,IRAN,140.0
493,1372,4.8,16.0,,30.0,,CHINA,30.0
533,1440,6.3,200.0,,30.0,,CHINA,30.0
571,1482,7.5,30000.0,,140.0,,TURKEY,140.0
577,1487,6.3,1900.0,,30.0,,CHINA,30.0
586,1494,5.5,3.0,,30.0,,CHINA,30.0
600,1501,7.0,400.0,,30.0,,CHINA,30.0
604,1502,6.5,50.0,,30.0,,CHINA,30.0
617,1509,7.7,5000.0,,140.0,10000.0,TURKEY,140.0
624,1511,6.5,15.0,7.0,130.0,,SLOVENIA,130.0
632,1515,7.0,100.0,,30.0,,CHINA,30.0
650,1531,7.7,30000.0,,130.0,,PORTUGAL,130.0
653,1536,7.3,3.0,,30.0,,CHINA,30.0
679,1556,8.0,830000.0,,30.0,,CHINA,30.0
685,1560,5.5,100.0,,30.0,,CHINA,30.0
686,1561,7.3,1001.0,,30.0,,CHINA,30.0
693,1564,5.8,650.0,,120.0,,FRANCE,120.0
699,1568,6.8,200.0,,30.0,,CHINA,30.0
710,1575,8.5,21.0,,160.0,,CHILE,160.0
712,1577,6.5,170.0,,30.0,,CHINA,30.0
715,1579,5.0,10.0,,30.0,,CHINA,30.0
722,1584,5.9,100.0,,120.0,,SWITZERLAND,120.0
727,1586,8.2,8000.0,,30.0,,JAPAN,30.0
728,1586,5.5,20.0,,30.0,,CHINA,30.0
729,1586,8.5,22.0,60.0,160.0,,PERU,160.0
757,1601,6.2,9.0,,120.0,,SWITZERLAND,120.0
761,1604,8.5,100.0,30.0,160.0,,PERU,160.0
767,1605,7.5,2000.0,,30.0,,CHINA,30.0
768,1606,6.5,2000.0,,30.0,,CHINA,30.0
774,1609,7.3,840.0,,30.0,,CHINA,30.0
777,1610,7.9,60.0,,160.0,,VENEZUELA,160.0
781,1611,5.5,2.0,,30.0,,CHINA,30.0
789,1613,5.6,103.0,,130.0,,ITALY,130.0
809,1619,8.6,350.0,40.0,160.0,,PERU,160.0
821,1622,7.0,12000.0,,30.0,,CHINA,30.0
826,1626,7.0,5200.0,,30.0,,CHINA,30.0
830,1627,6.7,5000.0,,130.0,,ITALY,130.0
833,1628,6.3,63.0,,30.0,,CHINA,30.0
848,1633,7.1,150.0,,30.0,,JAPAN,30.0
852,1634,6.0,30.0,,30.0,,CHINA,30.0
855,1636,7.2,520.0,,130.0,,GREECE,130.0
859,1638,7.0,9581.0,,130.0,,ITALY,130.0
886,1645,8.0,600.0,,170.0,2500.0,PHILIPPINES,170.0
894,1647,8.5,1000.0,,160.0,,CHILE,160.0
908,1652,6.8,3000.0,,30.0,,CHINA,30.0
909,1653,7.5,2500.0,,140.0,,TURKEY,140.0
911,1654,8.0,10400.0,,30.0,,CHINA,30.0
947,1664,7.3,400.0,15.0,160.0,,PERU,160.0
948,1664,6.3,50.0,,30.0,,SOUTH KOREA,30.0
958,1667,7.2,5000.0,,130.0,,CROATIA,130.0
962,1667,6.9,80000.0,12.0,40.0,,AZERBAIJAN,40.0
968,1668,6.6,17500.0,,140.0,,TURKEY,140.0
969,1668,8.5,42578.0,,30.0,,CHINA,30.0
971,1669,5.7,7000.0,5.0,40.0,,AZERBAIJAN,40.0
981,1672,5.6,1500.0,,130.0,,ITALY,130.0
987,1673,6.6,5600.0,,140.0,,IRAN,140.0
990,1674,6.8,86.0,40.0,170.0,35.0,INDONESIA,170.0
1004,1678,7.4,1.0,,30.0,,JAPAN,30.0
1006,1679,5.9,7600.0,15.0,140.0,,TURKEY,140.0
1007,1679,8.0,13162.0,,30.0,,CHINA,30.0
1010,1680,6.8,2700.0,,30.0,,CHINA,30.0
1019,1683,7.0,1001.0,,30.0,,CHINA,30.0
1026,1687,8.5,5000.0,30.0,160.0,,PERU,160.0
1034,1688,6.3,190.0,,30.0,,CHINA,30.0
1035,1688,7.0,16000.0,,140.0,,TURKEY,140.0
1046,1693,6.0,60000.0,,130.0,,ITALY,130.0
1052,1695,8.0,20000.0,,30.0,,CHINA,30.0
1071,1703,6.7,10000.0,,130.0,,ITALY,130.0
1074,1703,8.2,5233.0,,30.0,,JAPAN,30.0
1083,1707,5.8,160.0,10.0,160.0,,PERU,160.0
1085,1707,8.4,5000.0,,30.0,,JAPAN,30.0
1091,1709,7.5,2032.0,,30.0,,CHINA,30.0
1098,1711,6.7,1000.0,,30.0,,JAPAN,30.0
1099,1713,6.8,2100.0,,30.0,,CHINA,30.0
1121,1718,7.5,73000.0,,30.0,,CHINA,30.0
1134,1721,7.7,40000.0,,140.0,,IRAN,140.0
1140,1725,7.7,1500.0,60.0,160.0,,PERU,160.0
1142,1725,6.0,614.0,,30.0,184.0,CHINA,30.0
1158,1730,9.1,2.0,,160.0,,CHILE,160.0
1159,1730,6.5,658.0,,30.0,,CHINA,30.0
1176,1736,6.0,260.0,,30.0,100.0,TAIWAN,30.0
1186,1738,6.5,336.0,,30.0,,CHINA,30.0
1187,1739,8.0,50000.0,,30.0,,CHINA,30.0
1207,1746,8.0,1141.0,30.0,160.0,,PERU,160.0
1210,1748,5.5,15.0,,30.0,,CHINA,30.0
1214,1748,6.0,5.0,,30.0,,CHINA,30.0
1215,1748,5.5,40.0,,30.0,,CHINA,30.0
1220,1750,6.0,37.0,,30.0,,CHINA,30.0
1227,1751,6.6,2100.0,,30.0,,JAPAN,30.0
1229,1751,6.8,900.0,,30.0,,CHINA,30.0
1242,1754,6.5,4.0,,170.0,,INDONESIA,170.0
1246,1755,6.5,270.0,,30.0,80.0,CHINA,30.0
1247,1755,6.0,70.0,,30.0,20.0,CHINA,30.0
1251,1755,8.5,50000.0,,130.0,,PORTUGAL,130.0
1256,1757,7.0,1000.0,,160.0,,ECUADOR,160.0
1274,1761,6.0,120.0,,30.0,120.0,CHINA,30.0
1275,1761,6.0,50.0,,30.0,30.0,CHINA,30.0
1282,1763,6.2,83.0,,110.0,,HUNGARY,110.0
1284,1763,6.5,1000.0,,30.0,,CHINA,30.0
1288,1765,6.5,2068.0,,30.0,,CHINA,30.0
1290,1766,6.9,1700.0,,30.0,,JAPAN,30.0
1293,1766,6.8,40.0,25.0,90.0,700.0,CUBA,90.0
1347,1779,6.5,10000.0,,140.0,,IRAN,140.0
1348,1780,7.7,50000.0,20.0,140.0,,IRAN,140.0
1359,1783,6.9,30000.0,13.0,130.0,,ITALY,130.0
1372,1784,8.0,383.0,,160.0,,PERU,160.0
1379,1785,6.0,36.0,,30.0,,CHINA,30.0
1383,1786,7.5,435.0,,30.0,,CHINA,30.0
1407,1791,7.0,50.0,,130.0,80.0,GREECE,130.0
1413,1792,6.8,252.0,,30.0,432.0,TAIWAN,30.0
1415,1792,6.0,205.0,,30.0,,CHINA,30.0
1417,1793,6.9,12.0,,30.0,,JAPAN,30.0
1418,1793,8.3,25.0,,30.0,,JAPAN,30.0
1420,1793,6.0,200.0,,30.0,30.0,CHINA,30.0
1432,1797,8.3,40000.0,,160.0,,ECUADOR,160.0
1444,1799,6.5,2000.0,,30.0,,CHINA,30.0
1459,1802,6.6,19.0,,30.0,,JAPAN,30.0
1460,1803,6.0,200.0,,30.0,,CHINA,30.0
1465,1804,7.3,450.0,,30.0,,JAPAN,30.0
1473,1806,7.7,100.0,,40.0,,CHINA,40.0
1476,1808,5.7,2.0,,130.0,,ITALY,130.0
1488,1810,6.6,59.0,,30.0,,JAPAN,30.0
1491,1811,7.0,21.0,,30.0,21.0,TAIWAN,30.0
1492,1811,6.5,480.0,,30.0,,CHINA,30.0
1502,1812,7.7,26000.0,33.0,160.0,,VENEZUELA,160.0
1506,1812,6.9,40.0,,150.0,,USA,150.0
1507,1812,7.5,1.0,,150.0,,USA,150.0
1511,1814,5.3,4.0,,30.0,,CHINA,30.0
1513,1814,6.0,900.0,,30.0,,CHINA,30.0
1517,1815,6.5,111.0,,30.0,,TAIWAN,30.0
1518,1815,6.8,13000.0,,30.0,,CHINA,30.0
1519,1815,7.0,10253.0,150.0,60.0,,INDONESIA,60.0
1523,1816,7.5,23.0,33.0,100.0,,GUATEMALA,100.0
1524,1816,6.5,2854.0,,30.0,,CHINA,30.0
1526,1817,8.0,4.0,,120.0,,FRANCE,120.0
1537,1819,5.8,126.0,,30.0,58.0,CHINA,30.0
1543,1819,7.7,1543.0,,60.0,,INDIA,60.0
1548,1820,6.0,430.0,,30.0,590.0,CHINA,30.0
1550,1820,6.9,8.0,,130.0,,GREECE,130.0
1561,1822,5.5,23.0,,30.0,20.0,CHINA,30.0
1564,1822,8.5,72.0,,160.0,200.0,CHILE,160.0
1583,1825,6.8,58.0,,130.0,,GREECE,130.0
1594,1827,5.3,84.0,,30.0,,CHINA,30.0
1598,1827,7.0,250.0,,160.0,,COLOMBIA,160.0
1601,1828,8.3,30.0,50.0,160.0,,PERU,160.0
1614,1829,6.0,200.0,,30.0,,CHINA,30.0
1619,1830,6.3,40.0,16.0,40.0,,RUSSIA,40.0
1622,1830,7.5,7477.0,,30.0,,CHINA,30.0
1629,1831,6.3,33.0,,30.0,,CHINA,30.0
1641,1833,8.0,6700.0,,30.0,,CHINA,30.0
1642,1833,7.7,700.0,,160.0,25.0,PERU,160.0
1644,1833,7.4,35.0,,30.0,,JAPAN,30.0
1645,1834,7.0,80.0,5.0,160.0,,COLOMBIA,160.0
1658,1834,5.5,88.0,,30.0,,CHINA,30.0
1659,1835,8.2,50.0,,160.0,500.0,CHILE,160.0
1671,1837,6.4,5000.0,,140.0,,ISRAEL,140.0
1676,1837,6.0,37.0,,30.0,,CHINA,30.0
1687,1839,7.8,390.0,33.0,90.0,,MARTINIQUE,90.0
1688,1839,6.0,100.0,,30.0,,CHINA,30.0
1689,1839,6.0,129.0,,30.0,18.0,CHINA,30.0
1695,1839,6.5,117.0,,30.0,534.0,TAIWAN,30.0
1700,1840,6.5,17.0,,170.0,200.0,PHILIPPINES,170.0
1701,1840,6.7,1049.0,,140.0,,TURKEY,140.0
1713,1842,8.1,5000.0,,90.0,,HAITI,90.0
1721,1843,8.3,5000.0,33.0,90.0,,GUADELOUPE,90.0
1730,1844,6.4,1500.0,,140.0,,IRAN,140.0
1736,1845,7.0,118.0,,170.0,,INDONESIA,170.0
1739,1845,6.0,380.0,,30.0,,TAIWAN,30.0
1753,1846,6.1,56.0,5.0,130.0,,ITALY,130.0
1756,1847,7.4,12000.0,,30.0,,JAPAN,30.0
1772,1848,6.0,3.0,,170.0,,NEW ZEALAND,170.0
1773,1848,6.8,1001.0,,30.0,,TAIWAN,30.0
1775,1849,6.0,40.0,13.0,160.0,,VENEZUELA,160.0
1781,1850,7.5,20650.0,,30.0,,CHINA,30.0
1793,1851,6.6,2000.0,,130.0,,ALBANIA,130.0
1800,1852,5.8,2000.0,10.0,140.0,,IRAN,140.0
1802,1852,6.0,300.0,,30.0,400.0,CHINA,30.0
1804,1852,7.3,17.0,,140.0,,TURKEY,140.0
1805,1852,7.5,3.0,,170.0,1.0,PHILIPPINES,170.0
1821,1853,6.7,1000.0,14.0,90.0,,VENEZUELA,90.0
1844,1854,8.3,300.0,,30.0,,JAPAN,30.0
1851,1855,6.7,1900.0,,140.0,,TURKEY,140.0
1856,1855,6.7,1300.0,,140.0,,TURKEY,140.0
1866,1855,7.0,6757.0,,30.0,,JAPAN,30.0
1868,1855,5.5,7.0,,30.0,,CHINA,30.0
1876,1856,5.5,300.0,,30.0,,CHINA,30.0
1889,1857,7.0,36.0,50.0,60.0,,INDONESIA,60.0
1897,1857,6.5,10000.0,,130.0,,ITALY,130.0
1916,1859,6.1,15000.0,,140.0,,TURKEY,140.0
1917,1859,5.9,100.0,10.0,40.0,,AZERBAIJAN,40.0
1926,1859,7.6,10.0,,160.0,,CHILE,160.0
1946,1861,6.0,2.0,,30.0,8.0,CHINA,30.0
1949,1861,7.5,17.0,,130.0,,GREECE,130.0
1955,1862,6.5,2000.0,,30.0,,TAIWAN,30.0
1956,1862,6.5,3.0,,10.0,,GHANA,10.0
1958,1862,6.1,800.0,,140.0,,TURKEY,140.0
1965,1863,6.5,400.0,,170.0,2000.0,PHILIPPINES,170.0
1972,1863,5.5,9.0,,40.0,10.0,CHINA,40.0
1973,1863,6.7,2.0,,140.0,,TURKEY,140.0
1982,1864,6.4,100.0,,140.0,,IRAQ,140.0
2008,1867,7.9,200.0,100.0,130.0,,GREECE,130.0
2009,1867,7.0,500.0,,130.0,,GREECE,130.0
2020,1868,7.9,31.0,,150.0,,USA,150.0
2029,1868,8.5,25000.0,25.0,160.0,,CHILE,160.0
2033,1868,7.7,70000.0,20.0,160.0,,ECUADOR,160.0
2040,1868,6.8,30.0,,150.0,,USA,150.0
2062,1869,7.5,3.0,,130.0,,TURKEY,130.0
2064,1870,7.3,2300.0,,30.0,,CHINA,30.0
2066,1870,7.9,24.0,,150.0,20.0,MEXICO,150.0
2071,1870,7.0,100.0,,130.0,,GREECE,130.0
2073,1870,7.5,100.0,,130.0,,GREECE,130.0
2094,1871,5.6,2000.0,15.0,140.0,,IRAN,140.0
2096,1872,6.3,4000.0,15.0,140.0,,IRAN,140.0
2101,1872,7.4,804.0,,30.0,200.0,JAPAN,30.0
2102,1872,7.8,27.0,,150.0,56.0,USA,150.0
2104,1872,7.3,1800.0,,140.0,,TURKEY,140.0
2135,1875,7.5,25.0,,150.0,,MEXICO,150.0
2139,1875,7.3,1300.0,,140.0,,TURKEY,140.0
2142,1875,7.5,1001.0,20.0,160.0,,COLOMBIA,160.0
2157,1877,8.3,103.0,40.0,160.0,,CHILE,160.0
2174,1878,5.9,400.0,13.0,160.0,,VENEZUELA,160.0
2176,1878,6.7,40.0,,140.0,500.0,TURKEY,140.0
2180,1878,5.5,70.0,,30.0,,CHINA,30.0
2188,1879,6.7,2000.0,,140.0,,IRAN,140.0
2189,1879,6.7,700.0,15.0,140.0,,IRAN,140.0
2191,1879,8.0,22000.0,,30.0,,CHINA,30.0
2198,1880,5.5,8.0,,30.0,9.0,CHINA,30.0
2201,1880,7.5,20.0,100.0,170.0,50.0,PHILIPPINES,170.0
2204,1880,6.7,30.0,,140.0,,TURKEY,140.0
2205,1880,7.7,2.0,,160.0,,CHILE,160.0
2214,1881,5.5,11.0,,30.0,,TAIWAN,30.0
2216,1881,7.3,7866.0,,130.0,,GREECE,130.0
2223,1881,6.5,480.0,,30.0,,CHINA,30.0
2229,1881,6.1,12.0,,140.0,,TURKEY,140.0
2243,1882,5.8,11.0,,30.0,,CHINA,30.0
2244,1882,6.3,8.0,,30.0,3.0,TAIWAN,30.0
2249,1883,7.3,15000.0,,140.0,,TURKEY,140.0
2257,1884,6.5,17.0,,30.0,80.0,CHINA,30.0
2259,1884,6.7,745.0,,130.0,1475.0,SPAIN,130.0
2261,1885,6.0,80.0,,30.0,,CHINA,30.0
2272,1885,6.9,75.0,,60.0,,BANGLADESH,60.0
2275,1885,6.9,54.0,15.0,40.0,,KYRGYZSTAN,40.0
2278,1885,5.9,33.0,,15.0,,ALGERIA,15.0
2280,1885,5.0,4.0,,30.0,,CHINA,30.0
2282,1886,7.5,600.0,,130.0,,GREECE,130.0
2283,1886,7.3,60.0,,150.0,,USA,150.0
2288,1887,8.0,44.0,80.0,150.0,,MEXICO,150.0
2298,1887,6.8,2000.0,,30.0,3000.0,CHINA,30.0
2299,1888,7.5,1.0,,90.0,,TRINIDAD AND TOBAGO,90.0
2313,1889,6.3,20.0,,30.0,74.0,JAPAN,30.0
2318,1889,6.9,25.0,,130.0,,GREECE,130.0
2322,1890,7.2,171.0,10.0,140.0,,IRAN,140.0
2328,1891,5.8,31.0,,30.0,,CHINA,30.0
2333,1891,8.4,7273.0,,30.0,,JAPAN,30.0
2350,1893,6.7,400.0,,140.0,,TURKEY,140.0
2360,1893,6.8,288.0,,30.0,133.0,CHINA,30.0
2361,1893,6.6,18000.0,,140.0,,IRAN,140.0
2362,1893,6.8,90.0,,40.0,32.0,CHINA,40.0
2367,1894,7.9,1.0,40.0,30.0,6.0,JAPAN,30.0
2368,1894,6.7,255.0,,130.0,,GREECE,130.0
2370,1894,8.2,400.0,20.0,160.0,,VENEZUELA,160.0
2371,1894,7.5,24.0,,30.0,157.0,JAPAN,30.0
2375,1894,7.0,726.0,,30.0,,JAPAN,30.0
2379,1895,6.8,1000.0,,140.0,,IRAN,140.0
2381,1895,6.1,7.0,16.0,130.0,,SLOVENIA,130.0
2402,1896,5.8,26.0,,30.0,12.0,CHINA,30.0
2405,1896,6.5,7.0,,40.0,4.0,CHINA,40.0
2408,1896,8.3,27122.0,,30.0,9247.0,JAPAN,30.0
2414,1896,6.6,7.0,25.0,40.0,5.0,CHINA,40.0
2417,1897,6.1,1600.0,33.0,140.0,,IRAN,140.0
2422,1897,6.0,56.0,,30.0,100.0,TAIWAN,30.0
2429,1897,8.0,1542.0,33.0,60.0,,INDIA,60.0
2447,1898,6.0,47.0,,40.0,85.0,CHINA,40.0
2451,1898,6.5,6.0,,160.0,,CHILE,160.0
2453,1898,5.5,12.0,,30.0,,CHINA,30.0
2465,1899,6.7,1117.0,,140.0,,TURKEY,140.0
2466,1899,7.8,2460.0,,170.0,300.0,INDONESIA,170.0
2471,1899,6.4,6.0,,150.0,8.0,USA,150.0
2472,1899,5.6,247.0,,140.0,,TURKEY,140.0
2480,1900,5.9,140.0,,140.0,,TURKEY,140.0
2488,1900,8.4,25.0,25.0,90.0,,VENEZUELA,90.0
2494,1901,6.4,4.0,,110.0,50.0,BULGARIA,110.0
2495,1901,7.2,4.0,,110.0,50.0,BULGARIA,110.0
2501,1901,8.2,18.0,33.0,30.0,,JAPAN,30.0
2510,1902,7.0,2.0,,150.0,,MEXICO,150.0
2514,1902,6.9,86.0,15.0,40.0,60.0,AZERBAIJAN,40.0
2516,1902,5.5,4.0,,140.0,,TURKEY,140.0
2517,1902,7.5,2000.0,33.0,100.0,,GUATEMALA,100.0
2524,1902,7.7,2500.0,30.0,40.0,,CHINA,40.0
2526,1902,5.5,6.0,,30.0,,CHINA,30.0
2531,1902,6.4,4880.0,9.0,40.0,,UZBEKISTAN,40.0
2537,1903,5.7,20.0,,140.0,,ISRAEL,140.0
2540,1903,6.3,3560.0,,140.0,,TURKEY,140.0
2543,1903,5.8,1000.0,,140.0,,TURKEY,140.0
2548,1903,7.8,2.0,100.0,130.0,,GREECE,130.0
2550,1903,6.5,350.0,,140.0,,IRAN,140.0
2558,1904,6.0,3.0,,30.0,10.0,TAIWAN,30.0
2564,1904,6.2,4.0,10.0,130.0,,GREECE,130.0
2567,1904,6.0,400.0,,30.0,,CHINA,30.0
2570,1904,6.3,145.0,,30.0,158.0,TAIWAN,30.0
2577,1905,7.8,19000.0,25.0,60.0,,INDIA,60.0
2582,1905,6.6,120.0,20.0,130.0,,ALBANIA,130.0
2583,1905,7.8,11.0,100.0,30.0,,JAPAN,30.0
2590,1905,7.1,557.0,15.0,130.0,2000.0,ITALY,130.0
2595,1905,5.0,13.0,,30.0,,CHINA,30.0
2606,1906,8.6,1000.0,25.0,160.0,,ECUADOR,160.0
2612,1906,6.8,1258.0,,30.0,145.0,TAIWAN,30.0
2615,1906,6.5,15.0,,30.0,84.0,TAIWAN,30.0
2616,1906,7.9,700.0,20.0,150.0,,USA,150.0
2618,1906,5.3,1.0,,30.0,,CHINA,30.0
2622,1906,8.2,4000.0,25.0,160.0,,CHILE,160.0
2631,1906,8.3,280.0,33.0,40.0,,CHINA,40.0
2635,1907,6.5,1000.0,,90.0,,JAMAICA,90.0
2639,1907,8.3,8.0,60.0,150.0,,MEXICO,150.0
2640,1907,7.6,2.0,,170.0,,PHILIPPINES,170.0
2651,1907,7.4,12000.0,35.0,40.0,,TAJIKISTAN,40.0
2652,1907,5.9,158.0,33.0,130.0,,ITALY,130.0
2669,1908,7.0,78000.0,40.0,130.0,,ITALY,130.0
2670,1909,5.8,8.0,,140.0,,TURKEY,140.0
2671,1909,7.7,5500.0,33.0,140.0,,IRAN,140.0
2680,1909,7.3,9.0,,30.0,51.0,TAIWAN,30.0
2681,1909,6.6,30.0,,130.0,,PORTUGAL,130.0
2683,1909,6.5,21.0,,30.0,,CHINA,30.0
2687,1909,6.2,40.0,,120.0,,FRANCE,120.0
2693,1909,6.9,41.0,33.0,30.0,,JAPAN,30.0
2696,1909,7.2,231.0,60.0,60.0,,PAKISTAN,60.0
2701,1909,7.3,4.0,,30.0,,TAIWAN,30.0
2708,1910,7.8,60.0,200.0,30.0,,TAIWAN,30.0
2715,1910,6.4,12.0,33.0,15.0,,ALGERIA,15.0
2722,1910,7.3,2.0,,10.0,,ZAMBIA,10.0
2726,1911,7.7,450.0,25.0,40.0,,KAZAKHSTAN,40.0
2729,1911,7.4,90.0,26.0,40.0,,TAJIKISTAN,40.0
2731,1911,6.7,700.0,50.0,140.0,,IRAN,140.0
2735,1911,7.9,45.0,11.0,150.0,22.0,MEXICO,150.0
2736,1911,8.0,12.0,160.0,30.0,,JAPAN,30.0
2752,1912,7.8,3000.0,60.0,140.0,1575.0,TURKEY,140.0
2764,1913,7.8,138.0,15.0,170.0,,INDONESIA,170.0
2765,1913,5.8,11.0,,140.0,,IRAN,140.0
2778,1913,6.3,150.0,10.0,160.0,,PERU,160.0
2780,1913,7.0,942.0,10.0,30.0,112.0,CHINA,30.0
2781,1914,7.1,29.0,,30.0,,JAPAN,30.0
2786,1914,7.2,94.0,33.0,30.0,,JAPAN,30.0
2788,1914,4.9,120.0,,130.0,,ITALY,130.0
2792,1914,7.6,20.0,35.0,60.0,20.0,INDONESIA,60.0
2793,1914,7.5,1.0,,40.0,,CHINA,40.0
2795,1914,7.0,4000.0,,140.0,700.0,TURKEY,140.0
2800,1914,6.3,14.0,30.0,130.0,,GREECE,130.0
2802,1915,7.5,29978.0,10.0,130.0,,ITALY,130.0
2808,1915,6.2,6.0,,150.0,,USA,150.0
2816,1915,7.0,170.0,,40.0,,CHINA,40.0
2836,1916,6.5,180.0,,30.0,,TAIWAN,30.0
2841,1916,6.0,1.0,,30.0,20.0,TAIWAN,30.0
2842,1917,6.3,54.0,,30.0,85.0,TAIWAN,30.0
2843,1917,6.6,1500.0,,60.0,,INDONESIA,60.0
2848,1917,6.4,7.0,,170.0,2.0,PHILIPPINES,170.0
2858,1917,6.8,1800.0,33.0,30.0,,CHINA,30.0
2861,1917,7.3,6.0,40.0,160.0,,COLOMBIA,160.0
2865,1917,6.0,2650.0,,100.0,,GUATEMALA,100.0
2870,1918,7.3,2000.0,23.0,30.0,,CHINA,30.0
2876,1918,8.3,46.0,33.0,170.0,,PHILIPPINES,170.0
2902,1920,7.8,648.0,,150.0,167.0,MEXICO,150.0
2906,1920,8.0,5.0,,30.0,20.0,TAIWAN,30.0
2908,1920,5.8,1400.0,10.0,130.0,,ITALY,130.0
2910,1920,6.2,200.0,25.0,130.0,,ALBANIA,130.0
2911,1920,8.3,200000.0,25.0,30.0,,CHINA,30.0
2912,1920,6.0,400.0,10.0,160.0,,ARGENTINA,160.0
2938,1922,6.3,5.0,,170.0,,PHILIPPINES,170.0
2945,1922,7.6,5.0,,30.0,7.0,TAIWAN,30.0
2949,1922,8.7,500.0,35.0,160.0,,CHILE,160.0
2961,1923,7.3,4800.0,13.0,30.0,,CHINA,30.0
2966,1923,5.7,2200.0,,140.0,,IRAN,140.0
2970,1923,7.9,142807.0,35.0,30.0,47000.0,JAPAN,30.0
2972,1923,6.9,50.0,15.0,60.0,,BANGLADESH,60.0
2973,1923,6.4,157.0,,140.0,,IRAN,140.0
2974,1923,6.9,290.0,,140.0,,IRAN,140.0
2978,1923,5.3,300.0,,160.0,,COLOMBIA,160.0
2982,1924,6.9,40.0,,160.0,,ECUADOR,160.0
2987,1924,5.3,50.0,,140.0,,TURKEY,140.0
2990,1924,7.3,100.0,33.0,40.0,,CHINA,40.0
2994,1924,6.8,60.0,,140.0,,TURKEY,140.0
3000,1925,5.8,200.0,,140.0,,TURKEY,140.0
3003,1925,7.0,5000.0,26.0,30.0,,CHINA,30.0
3006,1925,6.8,17.0,33.0,170.0,,PHILIPPINES,170.0
3009,1925,6.8,395.0,,30.0,,JAPAN,30.0
3012,1925,6.8,13.0,10.0,150.0,,USA,150.0
3014,1925,5.9,3.0,,140.0,,TURKEY,140.0
3017,1925,5.8,12.0,,30.0,,CHINA,30.0
3021,1925,5.5,500.0,,140.0,,IRAN,140.0
3022,1925,5.5,2.0,,140.0,,IRAN,140.0
3033,1926,5.8,9.0,10.0,130.0,200.0,AZORES (PORTUGAL),130.0
3037,1926,5.7,360.0,7.0,140.0,,TURKEY,140.0
3046,1927,7.3,3022.0,10.0,30.0,3295.0,JAPAN,30.0
3048,1927,5.0,7.0,,30.0,,CHINA,30.0
3051,1927,7.6,40912.0,27.0,30.0,524.0,CHINA,30.0
3055,1927,6.3,268.0,33.0,140.0,,ISRAEL,140.0
3060,1927,6.8,30.0,,30.0,190.0,TAIWAN,30.0
3061,1927,6.8,11.0,17.0,110.0,122.0,UKRAINE,110.0
3078,1928,5.0,4.0,,140.0,,IRAN,140.0
3083,1928,6.5,170.0,,140.0,700.0,TURKEY,140.0
3085,1928,6.8,127.0,7.0,110.0,1735.0,BULGARIA,110.0
3088,1928,6.0,20.0,29.0,130.0,,GREECE,130.0
3093,1928,7.3,29.0,,160.0,,PERU,160.0
3097,1928,7.7,4.0,35.0,150.0,,MEXICO,150.0
3099,1928,5.8,6.0,,30.0,10.0,CHINA,30.0
3100,1928,5.4,10.0,9.0,140.0,,IRAN,140.0
3103,1928,7.6,279.0,25.0,160.0,,CHILE,160.0
3104,1928,7.3,93.0,,170.0,,PHILIPPINES,170.0
3106,1929,6.0,2.0,,30.0,,CHINA,30.0
3107,1929,6.9,50.0,,90.0,800.0,VENEZUELA,90.0
3111,1929,7.4,3800.0,50.0,140.0,,IRAN,140.0
3112,1929,6.5,64.0,10.0,140.0,,TURKEY,140.0
3117,1929,7.5,17.0,,170.0,,NEW ZEALAND,170.0
3119,1929,5.8,5.0,57.0,140.0,,IRAN,140.0
3120,1929,6.2,6.0,65.0,140.0,,IRAN,140.0
3132,1930,7.3,500.0,,60.0,,MYANMAR (BURMA),60.0
3133,1930,7.5,1360.0,30.0,140.0,,IRAN,140.0
3134,1930,6.0,42.0,,30.0,,CHINA,30.0
3140,1930,6.5,1430.0,7.0,130.0,,ITALY,130.0
3141,1930,5.5,200.0,,30.0,,CHINA,30.0
3145,1930,6.3,175.0,,40.0,,TAJIKISTAN,40.0
3147,1930,5.0,1.0,,140.0,,IRAN,140.0
3148,1930,5.9,18.0,,130.0,,ITALY,130.0
3150,1930,6.0,35.0,12.0,130.0,108.0,ALBANIA,130.0
3151,1930,7.1,259.0,19.0,30.0,1285.0,JAPAN,30.0
3152,1930,5.0,25.0,4.0,130.0,,ALBANIA,130.0
3153,1930,7.3,36.0,,60.0,,MYANMAR (BURMA),60.0
3155,1930,6.3,4.0,,30.0,,TAIWAN,30.0
3158,1930,6.0,39.0,30.0,160.0,,ARGENTINA,160.0
3164,1931,5.8,90.0,33.0,130.0,,ALBANIA,130.0
3167,1931,7.7,261.0,35.0,170.0,400.0,NEW ZEALAND,170.0
3175,1931,5.6,2450.0,,100.0,,NICARAGUA,100.0
3178,1931,6.3,2890.0,22.0,40.0,,ARMENIA,40.0
3182,1931,8.0,10000.0,25.0,40.0,,CHINA,40.0
3185,1931,7.0,16.0,20.0,30.0,,JAPAN,30.0
3189,1931,7.5,1.0,60.0,30.0,,JAPAN,30.0
3191,1932,5.4,8.0,,90.0,,CUBA,90.0
3192,1932,6.0,200.0,,30.0,,CHINA,30.0
3194,1932,6.0,6.0,15.0,30.0,27.0,CHINA,30.0
3195,1932,7.4,6.0,,170.0,115.0,INDONESIA,170.0
3196,1932,5.4,1070.0,12.0,140.0,,IRAN,140.0
3199,1932,8.1,400.0,35.0,150.0,120.0,MEXICO,150.0
3206,1932,6.9,161.0,35.0,130.0,669.0,GREECE,130.0
3212,1932,7.6,275.0,,30.0,320.0,CHINA,30.0
3218,1933,6.3,120.0,16.0,150.0,,USA,150.0
3225,1933,7.5,9300.0,,30.0,,CHINA,30.0
3226,1933,5.0,200.0,,30.0,,CHINA,30.0
3231,1933,6.3,4.0,27.0,140.0,,IRAN,140.0
3233,1934,6.0,1.0,,30.0,14.0,CHINA,30.0
3234,1934,8.0,10600.0,35.0,60.0,,NEPAL,60.0
3238,1934,6.6,2.0,,150.0,,USA,150.0
3243,1934,6.5,3.0,,30.0,,TAIWAN,30.0
3252,1935,6.2,5.0,7.0,140.0,,TURKEY,140.0
3254,1935,6.0,60.0,,140.0,,IRAN,140.0
3255,1935,6.3,690.0,14.0,140.0,,IRAN,140.0
3256,1935,6.0,3276.0,,30.0,12053.0,TAIWAN,30.0
3257,1935,6.0,2.0,,30.0,,CHINA,30.0
3258,1935,6.1,540.0,,140.0,,TURKEY,140.0
3260,1935,7.5,60000.0,33.0,60.0,,PAKISTAN,60.0
3262,1935,6.3,9.0,10.0,30.0,,JAPAN,30.0
3263,1935,6.5,2746.0,30.0,30.0,6004.0,TAIWAN,30.0
3271,1935,6.2,2.0,,150.0,,USA,150.0
3272,1935,6.0,2.0,,150.0,,USA,150.0
3276,1935,6.0,100.0,,30.0,,CHINA,30.0
3278,1936,7.0,250.0,,160.0,,COLOMBIA,160.0
3284,1936,6.2,12.0,,140.0,,IRAN,140.0
3285,1936,5.0,9.0,,30.0,,SOUTH KOREA,30.0
3286,1936,7.3,1.0,60.0,160.0,40.0,CHILE,160.0
3287,1936,6.0,115.0,,30.0,31.0,CHINA,30.0
3289,1936,5.5,30.0,,30.0,,CHINA,30.0
3290,1936,7.2,10.0,,30.0,10.0,TAIWAN,30.0
3291,1936,7.3,9.0,,60.0,20.0,INDONESIA,60.0
3304,1937,7.7,34.0,,150.0,,MEXICO,150.0
3305,1937,7.0,390.0,,30.0,,CHINA,30.0
3306,1937,7.5,1.0,60.0,170.0,200.0,PHILIPPINES,170.0
3309,1937,7.2,1.0,70.0,60.0,,INDONESIA,60.0
3314,1937,7.5,4.0,60.0,150.0,,MEXICO,150.0
3315,1937,6.2,15.0,10.0,160.0,,PERU,160.0
3323,1938,6.7,224.0,33.0,140.0,,TURKEY,140.0
3334,1938,7.7,1.0,30.0,30.0,,JAPAN,30.0
3345,1939,8.3,30000.0,60.0,160.0,,CHILE,160.0
3347,1939,7.7,5.0,35.0,170.0,,PAPUA NEW GUINEA,170.0
3351,1939,7.0,27.0,,30.0,52.0,JAPAN,30.0
3354,1939,6.4,22.0,13.0,10.0,130.0,GHANA,10.0
3357,1939,5.5,2.0,,30.0,,CHINA,30.0
3358,1939,6.5,41.0,,140.0,,TURKEY,140.0
3360,1939,5.9,13.0,80.0,140.0,,TURKEY,140.0
3363,1939,7.7,32700.0,35.0,140.0,,TURKEY,140.0
3369,1940,6.0,181.0,,30.0,475.0,CHINA,30.0
3370,1940,6.0,16.0,19.0,140.0,,TURKEY,140.0
3371,1940,7.2,9.0,16.0,150.0,,USA,150.0
3372,1940,8.2,179.0,60.0,160.0,3500.0,PERU,160.0
3373,1940,5.5,2.0,,30.0,20.0,CHINA,30.0
3379,1940,7.3,1000.0,150.0,110.0,,ROMANIA,110.0
3380,1941,5.9,1200.0,,60.0,200.0,YEMEN,60.0
3381,1941,7.4,4.0,15.0,170.0,,PAPUA NEW GUINEA,170.0
3383,1941,6.3,730.0,,140.0,,IRAN,140.0
3386,1941,6.0,132.0,,30.0,203.0,CHINA,30.0
3390,1941,6.0,430.0,28.0,140.0,,TURKEY,140.0
3391,1941,6.0,15.0,,30.0,10.0,CHINA,30.0
3392,1941,5.9,15.0,70.0,140.0,,TURKEY,140.0
3395,1941,7.6,6.0,,100.0,,COSTA RICA,100.0
3397,1941,7.1,319.0,,30.0,,TAIWAN,30.0
3399,1942,6.8,90.0,,30.0,,CHINA,30.0
3401,1942,7.9,200.0,30.0,160.0,,ECUADOR,160.0
3407,1942,8.2,30.0,60.0,160.0,25.0,PERU,160.0
3408,1942,6.0,43.0,33.0,130.0,110.0,ALBANIA,130.0
3411,1942,6.1,16.0,,140.0,,TURKEY,140.0
3415,1942,7.3,1000.0,,140.0,,TURKEY,140.0
3417,1943,6.6,285.0,,140.0,,TURKEY,140.0
3420,1943,5.0,75.0,,160.0,200.0,PERU,160.0
3421,1943,7.5,11.0,60.0,150.0,,MEXICO,150.0
3423,1943,8.2,11.0,35.0,160.0,,CHILE,160.0
3429,1943,6.2,285.0,15.0,140.0,,TURKEY,140.0
3431,1943,8.1,213.0,90.0,60.0,2096.0,INDONESIA,60.0
3434,1943,7.4,1400.0,10.0,30.0,,JAPAN,30.0
3439,1943,7.6,4020.0,33.0,140.0,5000.0,TURKEY,140.0
3442,1944,7.8,8000.0,50.0,160.0,,ARGENTINA,160.0
3443,1944,7.4,2381.0,33.0,140.0,,TURKEY,140.0
3444,1944,7.2,3.0,,40.0,,CHINA,40.0
3446,1944,4.8,20.0,7.0,140.0,,IRAN,140.0
3448,1944,6.0,21.0,33.0,140.0,,TURKEY,140.0
3453,1944,6.8,30.0,,140.0,,TURKEY,140.0
3455,1944,8.1,1223.0,30.0,30.0,2135.0,JAPAN,30.0
3456,1945,7.1,2306.0,,30.0,896.0,JAPAN,30.0
3458,1945,6.0,5.0,,10.0,,UGANDA,10.0
3459,1945,6.0,300.0,60.0,140.0,,TURKEY,140.0
3464,1945,6.3,17.0,,30.0,30.0,CHINA,30.0
3465,1945,8.0,4000.0,15.0,60.0,,PAKISTAN,60.0
3469,1946,5.6,264.0,,15.0,,ALGERIA,15.0
3470,1946,5.6,12.0,60.0,140.0,,TURKEY,140.0
3473,1946,5.9,840.0,,140.0,,TURKEY,140.0
3475,1946,7.9,2.0,60.0,160.0,,CHILE,160.0
3484,1946,7.5,400.0,26.0,40.0,,TURKMENISTAN,40.0
3485,1946,7.3,800.0,12.0,160.0,,PERU,160.0
3486,1946,6.8,58.0,,30.0,384.0,TAIWAN,30.0
3487,1946,8.1,1362.0,20.0,30.0,,JAPAN,30.0
3491,1947,5.5,1.0,,30.0,,CHINA,30.0
3495,1947,5.5,3.0,,30.0,,CHINA,30.0
3500,1947,5.3,3.0,,15.0,,ALGERIA,15.0
3501,1947,6.9,500.0,,140.0,,IRAN,140.0
3502,1947,6.9,3.0,28.0,130.0,20.0,GREECE,130.0
3503,1947,7.3,233.0,100.0,160.0,,PERU,160.0
3505,1948,8.3,72.0,33.0,170.0,,PHILIPPINES,170.0
3509,1948,6.5,2.0,15.0,130.0,45.0,GREECE,130.0
3511,1948,7.1,1.0,60.0,160.0,,PERU,160.0
3514,1948,7.3,800.0,18.0,30.0,200.0,CHINA,30.0
3515,1948,6.8,4.0,55.0,160.0,,PERU,160.0
3517,1948,6.8,110.0,,30.0,100.0,CHINA,30.0
3518,1948,7.3,5131.0,20.0,30.0,11000.0,JAPAN,30.0
3519,1948,6.4,6.0,33.0,130.0,,GREECE,130.0
3521,1948,7.3,110000.0,18.0,40.0,,TURKMENISTAN,40.0
3522,1948,5.8,3.0,,30.0,75.0,CHINA,30.0
3523,1948,6.9,4.0,,150.0,21.0,MEXICO,150.0
3527,1949,7.3,21.0,,40.0,17.0,CHINA,40.0
3529,1949,7.0,8.0,,150.0,,USA,150.0
3530,1949,7.3,57.0,70.0,160.0,,CHILE,160.0
3533,1949,7.4,3500.0,16.0,40.0,,TAJIKISTAN,40.0
3534,1949,6.7,7.0,,130.0,435.0,GREECE,130.0
3536,1949,6.8,6000.0,60.0,160.0,,ECUADOR,160.0
3538,1949,6.8,320.0,,140.0,,TURKEY,140.0
3545,1949,7.8,1.0,33.0,160.0,,CHILE,160.0
3546,1949,7.8,3.0,33.0,160.0,,CHILE,160.0
3557,1950,6.0,83.0,,160.0,,PERU,160.0
3558,1950,6.5,16.0,,60.0,50.0,INDONESIA,60.0
3560,1950,6.8,100.0,8.0,90.0,,VENEZUELA,90.0
3562,1950,8.6,1530.0,33.0,60.0,,INDIA,60.0
3571,1950,8.0,1.0,100.0,160.0,,CHILE,160.0
3572,1950,7.0,4.0,80.0,160.0,12.0,PERU,160.0
3578,1951,6.5,1100.0,100.0,100.0,,EL SALVADOR,100.0
3580,1951,6.2,1.0,50.0,150.0,,MEXICO,150.0
3584,1951,6.7,50.0,,140.0,,TURKEY,140.0
3587,1951,7.3,68.0,21.0,30.0,586.0,TAIWAN,30.0
3589,1951,7.5,17.0,,30.0,250.0,TAIWAN,30.0
3592,1952,6.0,103.0,,140.0,,TURKEY,140.0
3594,1952,8.1,33.0,45.0,30.0,,JAPAN,30.0
3602,1952,7.7,12.0,16.0,150.0,,USA,150.0
3604,1952,5.8,2.0,16.0,150.0,,USA,150.0
3607,1952,5.0,20.0,,140.0,,TURKEY,140.0
3612,1953,5.7,2.0,,90.0,,HAITI,90.0
3613,1953,6.4,970.0,,140.0,,IRAN,140.0
3616,1953,7.5,1070.0,,140.0,,TURKEY,140.0
3620,1953,7.6,9.0,60.0,160.0,26.0,CHILE,160.0
3625,1953,7.2,476.0,,130.0,2412.0,GREECE,130.0
3626,1953,6.5,40.0,,130.0,100.0,CYPRUS,130.0
3627,1953,6.4,2.0,33.0,170.0,,FIJI,170.0
3629,1953,7.4,1.0,60.0,30.0,,JAPAN,30.0
3630,1953,7.4,3.0,128.0,160.0,,CHILE,160.0
3631,1953,7.4,6.0,30.0,160.0,20.0,PERU,160.0
3632,1954,6.2,6.0,100.0,150.0,,MEXICO,150.0
3637,1954,7.0,25.0,,130.0,,GREECE,130.0
3639,1954,7.0,31.0,,130.0,,GREECE,130.0
3642,1954,6.8,13.0,,170.0,101.0,PHILIPPINES,170.0
3645,1954,5.0,1.0,,140.0,,IRAN,140.0
3647,1954,6.7,1243.0,,15.0,5000.0,ALGERIA,15.0
3659,1955,7.6,400.0,96.0,170.0,,PHILIPPINES,170.0
3662,1955,7.5,39.0,,30.0,113.0,CHINA,30.0
3664,1955,6.2,8.0,33.0,130.0,149.0,GREECE,130.0
3666,1955,6.0,7.0,,130.0,,GREECE,130.0
3670,1955,6.8,4.0,,140.0,,TURKEY,140.0
3672,1955,5.8,10.0,,100.0,,COSTA RICA,100.0
3674,1955,6.3,22.0,,15.0,12.0,EGYPT,15.0
3682,1956,5.8,2.0,,110.0,,HUNGARY,110.0
3686,1956,5.8,4.0,,140.0,,TURKEY,140.0
3689,1956,5.8,148.0,,140.0,,LEBANON,140.0
3692,1956,7.6,100.0,60.0,40.0,,AFGHANISTAN,40.0
3693,1956,7.8,53.0,20.0,130.0,,GREECE,130.0
3695,1956,7.0,38.0,39.0,60.0,,MYANMAR (BURMA),60.0
3697,1956,6.0,156.0,15.0,60.0,,INDIA,60.0
3701,1956,6.8,347.0,,140.0,,IRAN,140.0
3705,1957,5.6,13.0,,15.0,96.0,TUNISIA,15.0
3706,1957,7.2,11.0,69.0,30.0,,TAIWAN,30.0
3707,1957,7.0,2.0,,130.0,,GREECE,130.0
3714,1957,7.1,18.0,41.0,140.0,92.0,TURKEY,140.0
3715,1957,7.1,500.0,,140.0,,TURKEY,140.0
3719,1957,6.6,1100.0,14.0,140.0,,IRAN,140.0
3720,1957,7.9,65.0,25.0,150.0,,MEXICO,150.0
3729,1957,8.1,30.0,33.0,40.0,,MONGOLIA,40.0
3730,1957,7.1,1200.0,,140.0,,IRAN,140.0
3732,1958,7.3,28.0,60.0,160.0,,PERU,160.0
3734,1958,7.6,111.0,60.0,160.0,46.0,COLOMBIA,160.0
3742,1958,6.7,132.0,20.0,140.0,,IRAN,140.0
3744,1958,6.8,7.0,,160.0,,CHILE,160.0
3748,1958,6.7,8.0,100.0,60.0,1856.0,INDONESIA,60.0
3762,1959,7.5,2.0,150.0,30.0,,TAIWAN,30.0
3763,1959,8.2,1.0,60.0,50.0,13.0,RUSSIA,50.0
3765,1959,7.5,1.0,112.0,160.0,,BOLIVIA,160.0
3769,1959,7.0,16.0,60.0,30.0,63.0,TAIWAN,30.0
3771,1959,7.7,28.0,5.0,150.0,,USA,150.0
3772,1959,6.9,25.0,,150.0,200.0,MEXICO,150.0
3773,1959,6.1,2.0,11.0,130.0,,ALBANIA,130.0
3775,1959,6.2,18.0,,140.0,,TURKEY,140.0
3781,1960,7.8,63.0,160.0,160.0,200.0,PERU,160.0
3782,1960,7.0,63.0,150.0,160.0,,PERU,160.0
3784,1960,5.6,47.0,33.0,15.0,88.0,ALGERIA,15.0
3785,1960,5.9,13100.0,33.0,15.0,25000.0,MOROCCO,15.0
3789,1960,6.0,420.0,,140.0,,IRAN,140.0
3792,1960,9.5,2000.0,33.0,160.0,3000.0,CHILE,160.0
3793,1960,6.5,8.0,,130.0,,GREECE,130.0
3798,1960,6.6,24.0,28.0,10.0,,CONGO,10.0
3809,1961,7.3,2.0,74.0,30.0,7.0,JAPAN,30.0
3812,1961,6.5,2.0,74.0,60.0,6.0,INDONESIA,60.0
3817,1961,6.5,30.0,33.0,10.0,,ETHIOPIA,10.0
3818,1961,6.6,60.0,37.0,140.0,,IRAN,140.0
3828,1961,7.3,10.0,,30.0,,JAPAN,30.0
3837,1961,6.9,23.0,176.0,160.0,,COLOMBIA,160.0
3838,1962,5.9,4.0,33.0,130.0,,CROATIA,130.0
3839,1962,6.1,1.0,33.0,130.0,,CROATIA,130.0
3843,1962,6.0,15.0,33.0,130.0,,ALBANIA,130.0
3844,1962,6.1,1.0,25.0,30.0,2.0,CHINA,30.0
3847,1962,6.3,9.0,39.0,160.0,,PERU,160.0
3851,1962,6.8,1.0,104.0,30.0,,JAPAN,30.0
3852,1962,7.0,4.0,40.0,150.0,,MEXICO,150.0
3853,1962,7.2,3.0,33.0,150.0,16.0,MEXICO,150.0
3860,1962,6.8,47.0,69.0,160.0,300.0,COLOMBIA,160.0
3862,1962,6.1,16.0,34.0,130.0,,ITALY,130.0
3863,1962,6.8,1.0,100.0,130.0,,GREECE,130.0
3865,1962,7.2,12225.0,27.0,140.0,2776.0,IRAN,140.0
3866,1962,5.5,1.0,,140.0,,TURKEY,140.0
3868,1962,5.0,6.0,8.0,140.0,,IRAN,140.0
3872,1963,4.5,4.0,3.0,140.0,,IRAN,140.0
3873,1963,7.3,15.0,47.0,30.0,18.0,TAIWAN,30.0
3874,1963,5.4,300.0,5.0,15.0,375.0,LIBYA,15.0
3875,1963,7.2,100.0,40.0,140.0,,IRAN,140.0
3877,1963,7.0,4.0,33.0,140.0,,IRAN,140.0
3885,1963,6.0,1070.0,5.0,130.0,3300.0,MACEDONIA,130.0
3886,1963,5.2,5.0,46.0,140.0,,IRAN,140.0
3888,1963,6.5,1.0,,40.0,,CHINA,40.0
3889,1963,5.3,80.0,25.0,60.0,,INDIA,60.0
3892,1963,6.1,1.0,19.0,140.0,,TURKEY,140.0
3893,1963,7.0,1.0,75.0,160.0,,PERU,160.0
3900,1964,5.2,8.0,90.0,170.0,27.0,INDONESIA,170.0
3901,1964,7.0,107.0,33.0,30.0,479.0,TAIWAN,30.0
3904,1964,9.2,15.0,33.0,150.0,,USA,150.0
3906,1964,6.0,3.0,32.0,130.0,,CROATIA,130.0
3907,1964,6.0,1.0,33.0,10.0,19.0,TANZANIA,10.0
3910,1964,6.1,8.0,,140.0,,TURKEY,140.0
3911,1964,7.5,26.0,40.0,30.0,450.0,JAPAN,30.0
3913,1964,7.4,78.0,100.0,150.0,,MEXICO,150.0
3916,1964,7.0,19.0,15.0,140.0,,TURKEY,140.0
3920,1965,5.5,4.0,10.0,15.0,350.0,ALGERIA,15.0
3922,1965,7.6,71.0,6.0,170.0,,INDONESIA,170.0
3924,1965,5.1,20.0,52.0,140.0,,IRAN,140.0
3926,1965,6.3,38.0,18.0,130.0,253.0,GREECE,130.0
3929,1965,7.3,400.0,61.0,160.0,,CHILE,160.0
3931,1965,7.1,6.0,78.0,130.0,,GREECE,130.0
3932,1965,6.2,32.0,34.0,130.0,200.0,GREECE,130.0
3933,1965,6.0,1.0,36.0,30.0,4.0,JAPAN,30.0
3934,1965,6.6,7.0,59.0,150.0,,USA,150.0
3935,1965,6.0,125.0,23.0,100.0,1138.0,EL SALVADOR,100.0
3940,1965,6.3,1.0,18.0,130.0,6.0,GREECE,130.0
3943,1965,7.8,6.0,28.0,150.0,,MEXICO,150.0
3947,1966,6.3,1.0,38.0,130.0,60.0,GREECE,130.0
3951,1966,6.0,10.0,38.0,140.0,,TURKEY,140.0
3953,1966,8.0,7.0,48.0,30.0,10.0,TAIWAN,30.0
3955,1966,7.0,140.0,36.0,10.0,,UGANDA,10.0
3962,1966,6.3,80.0,23.0,60.0,100.0,NEPAL,60.0
3964,1966,4.6,12.0,64.0,140.0,20.0,TURKEY,140.0
3966,1966,5.6,15.0,53.0,60.0,,INDIA,60.0
3967,1966,6.8,2394.0,24.0,140.0,,TURKEY,140.0
3968,1966,5.9,1.0,17.0,130.0,25.0,GREECE,130.0
3969,1966,5.2,6.0,8.0,160.0,,COLOMBIA,160.0
3974,1966,8.1,110.0,38.0,160.0,3000.0,PERU,160.0
3975,1966,5.7,1.0,20.0,130.0,23.0,GREECE,130.0
3976,1966,7.8,3.0,47.0,160.0,6.0,CHILE,160.0
3983,1967,6.8,98.0,60.0,160.0,,COLOMBIA,160.0
3984,1967,6.8,54.0,80.0,60.0,300.0,INDONESIA,60.0
3987,1967,5.5,58.0,33.0,170.0,100.0,INDONESIA,170.0
3988,1967,6.1,14.0,100.0,60.0,,INDONESIA,60.0
3989,1967,5.9,9.0,55.0,130.0,,GREECE,130.0
3990,1967,5.0,10.0,13.0,15.0,15.0,ALGERIA,15.0
3991,1967,7.3,86.0,4.0,140.0,,TURKEY,140.0
3992,1967,6.2,97.0,8.0,140.0,,TURKEY,140.0
3993,1967,6.8,20.0,161.0,160.0,,COLOMBIA,160.0
3994,1967,6.5,300.0,10.0,90.0,1536.0,VENEZUELA,90.0
3995,1967,5.3,1.0,15.0,120.0,80.0,FRANCE,120.0
3999,1967,7.0,2.0,65.0,30.0,,TAIWAN,30.0
4001,1967,6.5,18.0,29.0,130.0,,ALBANIA,130.0
4003,1967,6.6,180.0,15.0,60.0,,INDIA,60.0
4005,1967,7.5,1.0,33.0,160.0,,CHILE,160.0
4007,1968,6.0,216.0,33.0,130.0,563.0,ITALY,130.0
4008,1968,5.1,8.0,33.0,130.0,55.0,ITALY,130.0
4011,1968,7.2,20.0,15.0,130.0,18.0,GREECE,130.0
4012,1968,6.3,3.0,3.0,30.0,,JAPAN,30.0
4013,1968,4.9,1.0,,15.0,4.0,ALGERIA,15.0
4015,1968,4.6,1.0,33.0,10.0,1.0,KENYA,10.0
4016,1968,7.5,1.0,30.0,30.0,22.0,JAPAN,30.0
4018,1968,5.3,38.0,34.0,140.0,100.0,IRAN,140.0
4020,1968,8.2,52.0,7.0,30.0,330.0,JAPAN,30.0
4022,1968,7.1,3.0,21.0,170.0,,NEW ZEALAND,170.0
4026,1968,7.0,15.0,33.0,160.0,,PERU,160.0
4029,1968,7.3,270.0,36.0,170.0,261.0,PHILIPPINES,170.0
4030,1968,7.5,18.0,36.0,150.0,,MEXICO,150.0
4034,1968,7.3,10488.0,13.0,140.0,17000.0,IRAN,140.0
4036,1968,6.5,700.0,15.0,140.0,,IRAN,140.0
4037,1968,6.6,24.0,38.0,140.0,200.0,TURKEY,140.0
4039,1968,6.2,3.0,107.0,90.0,,VENEZUELA,90.0
4040,1968,5.1,2.0,14.0,140.0,,TURKEY,140.0
4041,1968,5.7,20.0,114.0,150.0,,MEXICO,150.0
4045,1968,5.3,1.0,17.0,130.0,,MONTENEGRO,130.0
4046,1969,5.6,50.0,11.0,140.0,,IRAN,140.0
4050,1969,6.3,4.0,10.0,40.0,,CHINA,40.0
4051,1969,7.4,64.0,13.0,170.0,97.0,INDONESIA,170.0
4052,1969,7.8,25.0,22.0,130.0,80.0,PORTUGAL,130.0
4054,1969,6.5,53.0,9.0,140.0,,TURKEY,140.0
4055,1969,6.2,40.0,35.0,10.0,160.0,ETHIOPIA,10.0
4056,1969,7.0,2.0,33.0,15.0,16.0,EGYPT,15.0
4057,1969,5.5,1.0,33.0,130.0,,ALBANIA,130.0
4062,1969,6.4,3000.0,5.0,30.0,,CHINA,30.0
4067,1969,6.3,12.0,33.0,10.0,,SOUTH AFRICA,10.0
4068,1969,6.2,150.0,43.0,160.0,,PERU,160.0
4069,1969,4.8,1.0,10.0,150.0,,USA,150.0
4071,1969,6.0,14.0,33.0,130.0,,BOSNIA-HERZEGOVINA,130.0
4072,1969,6.4,9.0,33.0,130.0,,BOSNIA-HERZEGOVINA,130.0
4077,1970,7.8,10000.0,31.0,30.0,,CHINA,30.0
4079,1970,7.1,3.0,11.0,170.0,,PHILIPPINES,170.0
4080,1970,5.4,12.0,35.0,160.0,,PERU,160.0
4082,1970,4.8,5.0,23.0,140.0,,IRAN,140.0
4083,1970,5.4,26.0,3.0,60.0,200.0,INDIA,60.0
4084,1970,7.4,1086.0,20.0,140.0,1174.0,TURKEY,140.0
4085,1970,7.3,15.0,40.0,170.0,200.0,PHILIPPINES,170.0
4089,1970,7.9,66794.0,43.0,160.0,50000.0,PERU,160.0
4095,1970,4.9,1.0,27.0,140.0,,TURKEY,140.0
4097,1970,6.7,220.0,16.0,140.0,220.0,IRAN,140.0
4098,1970,7.1,1.0,651.0,160.0,,PERU,160.0
4104,1970,7.3,15.0,8.0,170.0,20.0,PAPUA NEW GUINEA,170.0
4107,1970,7.6,82.0,25.0,160.0,350.0,PERU,160.0
4110,1971,4.6,24.0,33.0,130.0,150.0,ITALY,130.0
4111,1971,6.5,65.0,8.0,150.0,2000.0,USA,150.0
4112,1971,5.3,1.0,39.0,140.0,,IRAN,140.0
4114,1971,5.9,1.0,44.0,140.0,,IRAN,140.0
4116,1971,5.9,100.0,23.0,140.0,,TURKEY,140.0
4117,1971,6.7,1000.0,3.0,140.0,,TURKEY,140.0
4119,1971,5.2,1.0,35.0,60.0,6.0,INDONESIA,60.0
4120,1971,6.3,1.0,93.0,160.0,,CHILE,160.0
4121,1971,7.8,83.0,58.0,160.0,447.0,CHILE,160.0
4122,1971,7.9,2.0,47.0,170.0,5.0,PAPUA NEW GUINEA,170.0
4123,1971,5.2,2.0,7.0,130.0,,ITALY,130.0
4125,1971,6.3,1.0,135.0,160.0,,PERU,160.0
4127,1971,5.3,1.0,27.0,140.0,,IRAN,140.0
4136,1971,5.7,5.0,54.0,160.0,,PERU,160.0
4137,1971,7.1,1.0,40.0,170.0,,VANUATU,170.0
4142,1972,7.5,1.0,33.0,30.0,,TAIWAN,30.0
4144,1972,4.8,1.0,25.0,130.0,2.0,ITALY,130.0
4147,1972,6.1,7.0,64.0,160.0,50.0,PERU,160.0
4148,1972,6.9,30000.0,11.0,140.0,1700.0,IRAN,140.0
4149,1972,6.9,4.0,33.0,30.0,11.0,TAIWAN,30.0
4153,1972,4.4,2.0,4.0,130.0,,ITALY,130.0
4154,1972,6.1,11.0,47.0,40.0,15.0,AFGHANISTAN,40.0
4158,1972,6.2,100.0,36.0,60.0,,PAKISTAN,60.0
4165,1972,6.2,10000.0,5.0,100.0,20000.0,NICARAGUA,100.0
4167,1973,7.5,56.0,43.0,150.0,390.0,MEXICO,150.0
4174,1973,7.5,15.0,33.0,170.0,64.0,PHILIPPINES,170.0
4176,1973,6.5,26.0,33.0,100.0,100.0,COSTA RICA,100.0
4177,1973,6.5,1.0,50.0,160.0,,COLOMBIA,160.0
4184,1973,6.2,600.0,84.0,150.0,,MEXICO,150.0
4188,1973,5.5,1.0,11.0,140.0,,IRAN,140.0
4189,1973,5.1,1.0,5.0,130.0,,AZORES (PORTUGAL),130.0
4193,1974,6.3,10.0,98.0,160.0,,PERU,160.0
4195,1974,5.2,2.0,29.0,140.0,20.0,TURKEY,140.0
4197,1974,5.0,3.0,24.0,160.0,,COLOMBIA,160.0
4199,1974,6.5,30.0,2.0,30.0,102.0,JAPAN,30.0
4200,1974,7.1,20000.0,11.0,30.0,,CHINA,30.0
4201,1974,6.1,5.0,34.0,160.0,,VENEZUELA,160.0
4205,1974,7.3,11.0,12.0,160.0,,COLOMBIA,160.0
4206,1974,5.7,2.0,58.0,30.0,17.0,JAPAN,30.0
4210,1974,8.1,78.0,13.0,160.0,2414.0,PERU,160.0
4213,1974,6.2,5300.0,22.0,60.0,17000.0,PAKISTAN,60.0
4216,1975,6.8,47.0,33.0,60.0,,INDIA,60.0
4219,1975,7.4,300.0,33.0,30.0,,CHINA,30.0
4220,1975,5.6,1.0,27.0,60.0,,INDONESIA,60.0
4221,1975,6.1,7.0,27.0,140.0,,IRAN,140.0
4222,1975,6.9,2.0,4.0,160.0,25.0,CHILE,160.0
4225,1975,6.1,3.0,33.0,160.0,,VENEZUELA,160.0
4230,1975,6.5,1.0,157.0,60.0,,MYANMAR (BURMA),60.0
4231,1975,4.3,1.0,30.0,15.0,18.0,ALGERIA,15.0
4235,1975,6.7,2311.0,26.0,140.0,3372.0,TURKEY,140.0
4236,1975,5.0,2.0,33.0,140.0,,IRAN,140.0
4238,1975,7.6,1.0,50.0,170.0,,PHILIPPINES,170.0
4243,1975,5.5,1.0,19.0,130.0,10.0,GREECE,130.0
4248,1976,7.5,23000.0,5.0,90.0,76000.0,GUATEMALA,90.0
4249,1976,5.1,4.0,5.0,100.0,50.0,GUATEMALA,100.0
4250,1976,5.5,50.0,33.0,40.0,,AFGHANISTAN,40.0
4251,1976,4.8,1.0,18.0,140.0,,TURKEY,140.0
4253,1976,6.7,10.0,9.0,160.0,,ECUADOR,160.0
4254,1976,5.5,4.0,44.0,140.0,,TURKEY,140.0
4255,1976,6.5,978.0,9.0,130.0,1700.0,ITALY,130.0
4260,1976,7.1,6000.0,33.0,170.0,,INDONESIA,170.0
4261,1976,6.7,5.0,22.0,100.0,7.0,PANAMA,100.0
4262,1976,6.5,573.0,40.0,60.0,4755.0,INDONESIA,60.0
4264,1976,7.5,242769.0,23.0,30.0,799000.0,CHINA,30.0
4266,1976,8.0,1200.0,33.0,170.0,3500.0,PHILIPPINES,170.0
4268,1976,4.9,4.0,3.0,140.0,50.0,TURKEY,140.0
4269,1976,5.5,5.0,16.0,130.0,,ITALY,130.0
4270,1976,6.0,11.0,10.0,130.0,,ITALY,130.0
4271,1976,5.9,2.0,17.0,130.0,,ITALY,130.0
4272,1976,7.1,133.0,33.0,170.0,,INDONESIA,170.0
4273,1976,6.2,17.0,13.0,140.0,,IRAN,140.0
4274,1976,7.3,5000.0,36.0,140.0,,TURKEY,140.0
4276,1976,7.3,1.0,82.0,160.0,13.0,CHILE,160.0
4277,1976,5.2,4.0,33.0,10.0,36.0,SOUTH AFRICA,10.0
4281,1977,7.5,1641.0,89.0,110.0,10500.0,ROMANIA,110.0
4283,1977,7.3,1.0,37.0,170.0,9.0,PHILIPPINES,170.0
4284,1977,6.9,167.0,29.0,140.0,556.0,IRAN,140.0
4285,1977,4.9,30.0,21.0,140.0,,TURKEY,140.0
4287,1977,5.9,366.0,41.0,140.0,200.0,IRAN,140.0
4288,1977,6.8,34.0,33.0,170.0,,SOLOMON ISLANDS,170.0
4291,1977,8.1,18.0,33.0,170.0,1.0,SOLOMON ISLANDS,170.0
4292,1977,5.4,3.0,37.0,140.0,9.0,IRAN,140.0
4294,1977,7.2,1.0,65.0,170.0,5.0,TONGA,170.0
4298,1977,6.5,3.0,33.0,160.0,,COLOMBIA,160.0
4302,1977,7.4,70.0,13.0,160.0,300.0,ARGENTINA,160.0
4303,1977,5.8,584.0,31.0,140.0,1000.0,IRAN,140.0
4304,1978,6.6,25.0,14.0,30.0,129.0,JAPAN,30.0
4308,1978,5.0,2.0,33.0,130.0,,ITALY,130.0
4309,1978,5.9,1.0,33.0,60.0,,PAKISTAN,60.0
4310,1978,6.6,1.0,36.0,150.0,25.0,MEXICO,150.0
4318,1978,5.7,5.0,14.0,130.0,,ITALY,130.0
4321,1978,7.7,28.0,44.0,30.0,10000.0,JAPAN,30.0
4323,1978,6.4,50.0,3.0,130.0,,GREECE,130.0
4326,1978,4.5,17.0,10.0,100.0,,GUATEMALA,100.0
4331,1978,7.8,20000.0,33.0,140.0,,IRAN,140.0
4333,1978,7.7,9.0,18.0,150.0,,MEXICO,150.0
4335,1978,6.2,76.0,33.0,140.0,,IRAN,140.0
4336,1978,7.0,2.0,33.0,30.0,3.0,TAIWAN,30.0
4337,1979,6.8,200.0,33.0,140.0,,IRAN,140.0
4338,1979,6.9,18.0,53.0,160.0,,PERU,160.0
4341,1979,7.6,5.0,49.0,150.0,35.0,MEXICO,150.0
4343,1979,6.9,131.0,10.0,130.0,1001.0,MONTENEGRO,130.0
4347,1979,5.8,22.0,25.0,60.0,,INDONESIA,60.0
4351,1979,5.4,42.0,11.0,30.0,2987.0,CHINA,30.0
4354,1979,7.9,15.0,5.0,170.0,,INDONESIA,170.0
4355,1979,5.8,5.0,16.0,130.0,5000.0,ITALY,130.0
4359,1979,6.2,2.0,38.0,60.0,40.0,INDONESIA,60.0
4360,1979,6.8,4.0,58.0,100.0,23.0,GUATEMALA,100.0
4361,1979,6.1,30.0,62.0,60.0,200.0,INDONESIA,60.0
4362,1979,5.2,1.0,40.0,130.0,3.0,GREECE,130.0
4363,1979,6.6,350.0,33.0,140.0,,IRAN,140.0
4365,1979,6.4,72.0,108.0,160.0,600.0,COLOMBIA,160.0
4366,1979,7.5,17.0,10.0,140.0,24.0,IRAN,140.0
4368,1979,7.7,600.0,33.0,160.0,20000.0,COLOMBIA,160.0
4369,1979,6.6,8.0,33.0,60.0,162.0,INDONESIA,60.0
4370,1979,6.3,27.0,33.0,60.0,200.0,INDONESIA,60.0
4371,1980,6.9,69.0,13.0,130.0,600.0,AZORES (PORTUGAL),130.0
4380,1980,6.4,1.0,5.0,150.0,100.0,MEXICO,150.0
4383,1980,6.4,1.0,14.0,130.0,,GREECE,130.0
4385,1980,4.0,1.0,10.0,130.0,,GREECE,130.0
4387,1980,5.4,1.0,62.0,140.0,,IRAN,140.0
4389,1980,6.5,200.0,18.0,60.0,,NEPAL,60.0
4390,1980,6.4,2.0,22.0,100.0,,HONDURAS,100.0
4391,1980,5.6,8.0,55.0,160.0,100.0,ECUADOR,160.0
4392,1980,4.9,15.0,25.0,60.0,40.0,INDIA,60.0
4394,1980,6.0,2.0,73.0,30.0,73.0,JAPAN,30.0
4396,1980,7.7,5000.0,10.0,15.0,9000.0,ALGERIA,15.0
4397,1980,6.4,300.0,72.0,150.0,,MEXICO,150.0
4398,1980,7.2,5.0,19.0,150.0,,USA,150.0
4399,1980,4.9,7.0,71.0,160.0,,PERU,160.0
4400,1980,6.9,4689.0,20.0,130.0,7700.0,ITALY,130.0
4402,1980,5.8,26.0,33.0,140.0,,IRAN,140.0
4403,1980,5.2,3.0,41.0,140.0,139.0,IRAN,140.0
4405,1981,6.7,305.0,33.0,170.0,,INDONESIA,170.0
4406,1981,6.8,150.0,33.0,30.0,489.0,CHINA,30.0
4407,1981,4.6,12.0,10.0,130.0,,ITALY,130.0
4408,1981,6.7,22.0,33.0,130.0,400.0,GREECE,130.0
4409,1981,6.4,1.0,29.0,130.0,9.0,GREECE,130.0
4410,1981,5.6,2.0,31.0,130.0,,GREECE,130.0
4411,1981,4.8,8.0,38.0,160.0,15.0,PERU,160.0
4414,1981,6.7,3000.0,33.0,140.0,,IRAN,140.0
4415,1981,5.2,10.0,24.0,160.0,,PERU,160.0
4416,1981,7.1,3000.0,33.0,140.0,1000.0,IRAN,140.0
4419,1981,5.9,220.0,33.0,60.0,2500.0,PAKISTAN,60.0
4420,1981,7.5,1.0,33.0,160.0,,CHILE,160.0
4421,1981,5.4,15.0,54.0,160.0,,COLOMBIA,160.0
4422,1981,7.3,9.0,33.0,150.0,,MEXICO,150.0
4424,1981,4.0,6.0,33.0,60.0,12.0,PAKISTAN,60.0
4433,1982,6.7,110.0,44.0,30.0,,JAPAN,30.0
4434,1982,3.5,10.0,9.0,150.0,200.0,MEXICO,150.0
4435,1982,6.1,3.0,95.0,160.0,,PERU,160.0
4437,1982,7.0,9.0,34.0,150.0,,MEXICO,150.0
4438,1982,5.5,10.0,10.0,30.0,5.0,CHINA,30.0
4439,1982,6.2,43.0,82.0,100.0,,EL SALVADOR,100.0
4443,1982,5.1,3.0,12.0,100.0,2.0,HONDURAS,100.0
4445,1982,5.5,1.0,21.0,130.0,12.0,MACEDONIA,130.0
4446,1982,6.0,2800.0,5.0,60.0,1500.0,YEMEN,60.0
4447,1982,6.6,500.0,36.0,40.0,3000.0,AFGHANISTAN,40.0
4449,1982,5.9,13.0,33.0,60.0,390.0,INDONESIA,60.0
4454,1983,4.7,12.0,24.0,130.0,,MACEDONIA,130.0
4459,1983,4.9,30.0,33.0,140.0,61.0,IRAN,140.0
4460,1983,4.9,350.0,22.0,160.0,1200.0,COLOMBIA,160.0
4462,1983,7.3,6.0,37.0,100.0,,COSTA RICA,100.0
4465,1983,6.5,10.0,104.0,160.0,,PERU,160.0
4468,1983,7.7,4.0,24.0,30.0,324.0,JAPAN,30.0
4471,1983,6.2,2.0,33.0,100.0,60.0,COSTA RICA,100.0
4472,1983,6.1,5.0,10.0,140.0,26.0,TURKEY,140.0
4474,1983,5.0,3.0,41.0,140.0,41.0,IRAN,140.0
4477,1983,5.3,1.0,25.0,30.0,28.0,JAPAN,30.0
4479,1983,6.5,16.0,29.0,170.0,47.0,PHILIPPINES,170.0
4482,1983,7.3,5.0,15.0,160.0,12.0,CHILE,160.0
4484,1983,6.1,2.0,33.0,170.0,4.0,INDONESIA,170.0
4485,1983,7.3,2.0,14.0,150.0,2.0,USA,150.0
4486,1983,6.9,1342.0,12.0,140.0,1142.0,TURKEY,140.0
4488,1983,5.3,34.0,19.0,30.0,2200.0,CHINA,30.0
4489,1983,5.0,2.0,10.0,120.0,30.0,BELGIUM,120.0
4493,1983,6.4,10.0,26.0,170.0,,PAPUA NEW GUINEA,170.0
4494,1983,6.2,443.0,11.0,10.0,1436.0,GUINEA,10.0
4495,1983,7.2,26.0,215.0,40.0,483.0,AFGHANISTAN,40.0
4496,1984,6.6,2.0,33.0,170.0,89.0,INDONESIA,170.0
4497,1984,5.8,1.0,33.0,40.0,35.0,AFGHANISTAN,40.0
4500,1984,6.1,4.0,208.0,60.0,13.0,PAKISTAN,60.0
4505,1984,5.3,3.0,12.0,130.0,200.0,ITALY,130.0
4506,1984,5.8,3.0,10.0,130.0,100.0,ITALY,130.0
4507,1984,5.2,3.0,14.0,130.0,63.0,ITALY,130.0
4508,1984,5.1,1.0,30.0,130.0,,BOSNIA-HERZEGOVINA,130.0
4510,1984,6.7,5.0,24.0,90.0,,DOMINICAN REPUBLIC,90.0
4512,1984,6.7,20.0,46.0,30.0,,JAPAN,30.0
4515,1984,6.1,29.0,10.0,30.0,,JAPAN,30.0
4516,1984,6.4,3.0,10.0,140.0,38.0,TURKEY,140.0
4519,1984,5.3,3.0,60.0,140.0,35.0,TURKEY,140.0
4523,1984,5.6,20.0,23.0,60.0,100.0,INDIA,60.0
4524,1985,6.9,6.0,5.0,160.0,238.0,ARGENTINA,160.0
4525,1985,5.3,1.0,37.0,140.0,80.0,IRAN,140.0
4526,1985,8.0,180.0,40.0,160.0,2575.0,CHILE,160.0
4528,1985,6.6,1.0,33.0,160.0,,CHILE,160.0
4529,1985,6.5,2.0,33.0,170.0,25.0,PHILIPPINES,170.0
4530,1985,7.5,2.0,38.0,160.0,,CHILE,160.0
4532,1985,5.8,23.0,5.0,30.0,300.0,CHINA,30.0
4533,1985,6.1,6.0,33.0,170.0,11.0,PHILIPPINES,170.0
4535,1985,7.1,1.0,27.0,170.0,,PAPUA NEW GUINEA,170.0
4537,1985,6.6,5.0,99.0,40.0,38.0,AFGHANISTAN,40.0
4539,1985,7.5,71.0,7.0,40.0,162.0,CHINA,40.0
4540,1985,6.3,10.0,10.0,170.0,7.0,INDONESIA,170.0
4541,1985,8.1,9500.0,28.0,150.0,30000.0,MEXICO,150.0
4546,1985,5.9,29.0,16.0,40.0,80.0,TAJIKISTAN,40.0
4547,1985,5.9,6.0,10.0,15.0,,ALGERIA,15.0
4553,1985,4.3,1.0,10.0,130.0,14.0,ITALY,130.0
4554,1986,5.3,1.0,39.0,160.0,,PERU,160.0
4557,1986,4.6,16.0,51.0,160.0,170.0,PERU,160.0
4558,1986,5.3,6.0,33.0,60.0,30.0,INDIA,60.0
4559,1986,5.9,15.0,10.0,140.0,100.0,TURKEY,140.0
4561,1986,5.7,2.0,10.0,40.0,,GEORGIA,40.0
4564,1986,6.4,1.0,19.0,30.0,5.0,TAIWAN,30.0
4565,1986,6.2,2.0,19.0,160.0,45.0,VENEZUELA,160.0
4568,1986,5.6,1.0,10.0,140.0,4.0,IRAN,140.0
4570,1986,4.9,1.0,7.0,160.0,,VENEZUELA,160.0
4573,1986,6.9,2.0,132.0,110.0,558.0,ROMANIA,110.0
4574,1986,5.8,20.0,11.0,130.0,300.0,GREECE,130.0
4577,1986,5.4,1100.0,7.0,100.0,10000.0,EL SALVADOR,100.0
4581,1986,7.8,15.0,34.0,30.0,44.0,TAIWAN,30.0
4583,1986,4.8,1.0,5.0,160.0,,BRAZIL,160.0
4584,1986,5.6,3.0,21.0,110.0,60.0,BULGARIA,110.0
4589,1987,4.3,1.0,10.0,15.0,7.0,ALGERIA,15.0
4591,1987,7.6,3.0,55.0,170.0,,PAPUA NEW GUINEA,170.0
4592,1987,6.6,1.0,19.0,170.0,25.0,NEW ZEALAND,170.0
4593,1987,7.3,1.0,62.0,160.0,,CHILE,160.0
4594,1987,7.2,5000.0,10.0,160.0,,ECUADOR,160.0
4595,1987,6.7,2.0,54.0,30.0,5.0,JAPAN,30.0
4598,1987,6.6,2.0,11.0,60.0,22.0,INDONESIA,60.0
4599,1987,5.2,1.0,32.0,170.0,2.0,PHILIPPINES,170.0
4600,1987,4.6,2.0,41.0,140.0,50.0,IRAN,140.0
4604,1987,6.9,5.0,70.0,160.0,112.0,CHILE,160.0
4605,1987,6.4,1.0,37.0,160.0,1.0,PERU,160.0
4608,1987,6.2,2.0,10.0,160.0,12.0,ECUADOR,160.0
4609,1987,5.7,8.0,10.0,150.0,200.0,USA,150.0
4610,1987,5.1,3.0,20.0,160.0,,PERU,160.0
4611,1987,4.8,1.0,8.0,150.0,,USA,150.0
4616,1987,6.2,2.0,5.0,150.0,,USA,150.0
4617,1987,6.5,125.0,33.0,60.0,108.0,INDONESIA,60.0
4619,1987,6.0,2.0,63.0,30.0,,JAPAN,30.0
4625,1988,5.8,2.0,33.0,60.0,100.0,BANGLADESH,60.0
4628,1988,6.2,2.0,17.0,170.0,2.0,PHILIPPINES,170.0
4631,1988,5.7,1.0,51.0,30.0,1.0,TAIWAN,30.0
4632,1988,7.2,38.0,91.0,60.0,,MYANMAR (BURMA),60.0
4634,1988,6.1,1.0,33.0,140.0,,IRAN,140.0
4635,1988,6.6,998.0,57.0,60.0,,NEPAL,60.0
4636,1988,4.3,74.0,0.0,170.0,,PAPUA NEW GUINEA,170.0
4640,1988,6.0,5.0,69.0,100.0,,GUATEMALA,100.0
4642,1988,7.3,738.0,18.0,30.0,3900.0,CHINA,30.0
4649,1988,6.8,25000.0,5.0,40.0,,ARMENIA,40.0
4650,1989,5.3,274.0,33.0,40.0,,TAJIKISTAN,40.0
4653,1989,5.4,1.0,53.0,170.0,,PAPUA NEW GUINEA,170.0
4654,1989,6.1,9.0,30.0,10.0,100.0,MALAWI,10.0
4655,1989,6.2,11.0,13.0,30.0,42.0,CHINA,30.0
4656,1989,6.8,3.0,19.0,150.0,,MEXICO,150.0
4659,1989,5.6,1.0,33.0,30.0,91.0,CHINA,30.0
4661,1989,5.8,114.0,31.0,140.0,,IRAN,140.0
4662,1989,5.1,1.0,6.0,60.0,,BANGLADESH,60.0
4668,1989,5.8,120.0,14.0,170.0,,INDONESIA,170.0
4669,1989,5.0,1.0,18.0,40.0,,RUSSIA,40.0
4670,1989,6.3,2.0,12.0,10.0,2.0,DJIBOUTI,10.0
4673,1989,6.1,1.0,15.0,30.0,151.0,CHINA,30.0
4675,1989,6.9,62.0,19.0,150.0,3757.0,USA,150.0
4676,1989,5.3,29.0,10.0,30.0,193.0,CHINA,30.0
4678,1989,5.7,30.0,6.0,15.0,245.0,ALGERIA,15.0
4681,1989,4.7,4.0,33.0,30.0,161.0,CHINA,30.0
4682,1989,5.9,3.0,18.0,140.0,45.0,IRAN,140.0
4683,1989,7.5,2.0,24.0,170.0,,PHILIPPINES,170.0
4684,1989,5.4,12.0,10.0,170.0,100.0,AUSTRALIA,170.0
4689,1990,6.1,11.0,10.0,60.0,40.0,PAKISTAN,60.0
4692,1990,5.5,1.0,39.0,170.0,2.0,PHILIPPINES,170.0
4696,1990,7.6,3.0,26.0,170.0,25.0,INDONESIA,170.0
4698,1990,6.9,126.0,8.0,30.0,2049.0,CHINA,30.0
4699,1990,5.4,2.0,10.0,130.0,16.0,ITALY,130.0
4701,1990,7.1,31.0,15.0,15.0,,SUDAN,15.0
4703,1990,6.5,200.0,24.0,160.0,8130.0,PERU,160.0
4704,1990,6.7,14.0,89.0,110.0,700.0,ROMANIA,110.0
4707,1990,4.9,1.0,26.0,160.0,,PERU,160.0
4708,1990,7.1,4.0,18.0,170.0,15.0,PHILIPPINES,170.0
4709,1990,6.8,1.0,58.0,40.0,,KAZAKHSTAN,40.0
4711,1990,7.3,40000.0,19.0,140.0,105000.0,IRAN,140.0
4712,1990,5.3,20.0,15.0,140.0,,IRAN,140.0
4714,1990,5.6,43.0,217.0,40.0,,AFGHANISTAN,40.0
4715,1990,7.8,2412.0,25.0,170.0,3000.0,PHILIPPINES,170.0
4719,1990,4.4,4.0,5.0,160.0,10.0,ECUADOR,160.0
4721,1990,4.2,2.0,5.0,10.0,5.0,SOUTH AFRICA,10.0
4723,1990,4.0,10.0,5.0,10.0,6.0,SOUTH AFRICA,10.0
4724,1990,5.8,7.0,12.0,30.0,92.0,CHINA,30.0
4725,1990,6.0,11.0,114.0,40.0,250.0,AFGHANISTAN,40.0
4726,1990,6.7,22.0,11.0,140.0,100.0,IRAN,140.0
4727,1990,6.8,1.0,48.0,60.0,32.0,INDONESIA,60.0
4730,1990,5.3,19.0,11.0,130.0,200.0,ITALY,130.0
4731,1990,6.2,2.0,12.0,30.0,3.0,TAIWAN,30.0
4733,1990,5.9,1.0,13.0,130.0,60.0,GREECE,130.0
4734,1990,5.7,2.0,17.0,100.0,350.0,COSTA RICA,100.0
4737,1991,6.4,848.0,142.0,40.0,200.0,AFGHANISTAN,40.0
4739,1991,3.8,9.0,5.0,120.0,,FRANCE,120.0
4745,1991,6.7,53.0,20.0,160.0,252.0,PERU,160.0
4748,1991,7.6,87.0,10.0,90.0,895.0,COSTA RICA,90.0
4749,1991,4.5,1.0,33.0,140.0,3.0,TURKEY,140.0
4750,1991,7.0,270.0,17.0,40.0,,GEORGIA,40.0
4753,1991,4.5,1.0,33.0,170.0,,MALAYSIA,170.0
4754,1991,6.1,8.0,9.0,40.0,200.0,GEORGIA,40.0
4758,1991,5.1,2.0,11.0,150.0,104.0,USA,150.0
4759,1991,6.5,28.0,29.0,60.0,181.0,INDONESIA,60.0
4760,1991,5.6,2.0,11.0,110.0,30.0,ROMANIA,110.0
4762,1991,4.7,92.0,5.0,160.0,30.0,PERU,160.0
4763,1991,5.1,20.0,26.0,140.0,,IRAQ,140.0
4768,1991,6.2,25.0,5.0,100.0,200.0,GUATEMALA,100.0
4770,1991,7.0,2000.0,10.0,60.0,1800.0,INDIA,60.0
4773,1991,6.4,2.0,21.0,160.0,,COLOMBIA,160.0
4774,1991,4.7,11.0,10.0,60.0,40.0,YEMEN,60.0
4775,1991,5.0,1.0,16.0,140.0,70.0,IRAN,140.0
4781,1992,4.6,6.0,18.0,140.0,50.0,IRAN,140.0
4782,1992,6.9,653.0,27.0,140.0,2000.0,TURKEY,140.0
4783,1992,5.2,1.0,21.0,120.0,45.0,NETHERLANDS,120.0
4786,1992,6.2,4.0,50.0,40.0,,KYRGYZSTAN,40.0
4788,1992,6.0,36.0,16.0,60.0,100.0,PAKISTAN,60.0
4791,1992,7.6,3.0,1.0,150.0,400.0,USA,150.0
4796,1992,7.5,75.0,27.0,40.0,,KYRGYZSTAN,40.0
4797,1992,5.5,4.0,9.0,60.0,200.0,PAKISTAN,60.0
4799,1992,4.7,1.0,18.0,140.0,11.0,IRAN,140.0
4800,1992,7.0,8.0,11.0,10.0,37.0,CONGO,10.0
4801,1992,5.3,545.0,22.0,15.0,6512.0,EGYPT,15.0
4803,1992,7.4,11.0,10.0,160.0,115.0,COLOMBIA,160.0
4804,1992,7.8,1000.0,28.0,60.0,500.0,INDONESIA,60.0
4805,1993,7.6,2.0,102.0,30.0,,JAPAN,30.0
4809,1993,6.4,5.0,10.0,170.0,201.0,WALLIS AND FUTUNA (FRENCH TERRITORY),170.0
4810,1993,6.2,2.0,12.0,40.0,3.0,CHINA,40.0
4813,1993,6.3,6.0,106.0,160.0,,PERU,160.0
4816,1993,5.4,24.0,33.0,140.0,,IRAN,140.0
4817,1993,5.8,2.0,20.0,100.0,9.0,COSTA RICA,100.0
4818,1993,7.7,23.0,17.0,30.0,233.0,JAPAN,30.0
4820,1993,5.5,2.0,13.0,15.0,9.0,SUDAN,15.0
4823,1993,7.2,1.0,34.0,100.0,3.0,GUATEMALA,100.0
4824,1993,6.0,2.0,11.0,150.0,,USA,150.0
4825,1993,6.2,11000.0,7.0,60.0,30000.0,INDIA,60.0
4826,1993,6.9,60.0,25.0,170.0,200.0,PAPUA NEW GUINEA,170.0
4833,1994,6.7,60.0,18.0,150.0,7000.0,USA,150.0
4834,1994,7.0,9.0,20.0,170.0,300.0,INDONESIA,170.0
4836,1994,6.2,7.0,14.0,10.0,,UGANDA,10.0
4837,1994,6.9,207.0,23.0,60.0,2000.0,INDONESIA,60.0
4838,1994,6.1,6.0,6.0,140.0,,IRAN,140.0
4839,1994,6.1,2.0,13.0,140.0,50.0,IRAN,140.0
4840,1994,5.4,4.0,59.0,90.0,,HAITI,90.0
4843,1994,6.1,160.0,19.0,40.0,,AFGHANISTAN,40.0
4848,1994,6.4,1.0,11.0,30.0,2.0,TAIWAN,30.0
4850,1994,6.8,650.0,12.0,160.0,,COLOMBIA,160.0
4851,1994,8.2,5.0,631.0,160.0,,BOLIVIA,160.0
4853,1994,5.9,3.0,9.0,140.0,100.0,IRAN,140.0
4854,1994,5.9,171.0,9.0,15.0,,ALGERIA,15.0
4856,1994,8.3,11.0,14.0,50.0,382.0,RUSSIA,50.0
4857,1994,6.8,1.0,17.0,170.0,52.0,INDONESIA,170.0
4859,1994,7.1,81.0,32.0,170.0,225.0,PHILIPPINES,170.0
4861,1994,7.8,3.0,27.0,30.0,200.0,JAPAN,30.0
4863,1995,6.9,5502.0,22.0,30.0,36896.0,JAPAN,30.0
4864,1995,6.5,7.0,17.0,160.0,,COLOMBIA,160.0
4866,1995,6.4,45.0,74.0,160.0,400.0,COLOMBIA,160.0
4867,1995,5.9,2.0,10.0,130.0,5.0,CYPRUS,130.0
4876,1995,7.1,1989.0,11.0,50.0,750.0,RUSSIA,50.0
4877,1995,6.5,26.0,14.0,130.0,60.0,GREECE,130.0
4878,1995,6.8,11.0,13.0,30.0,136.0,CHINA,30.0
4879,1995,5.6,14.0,13.0,30.0,60.0,CHINA,30.0
4880,1995,8.0,3.0,46.0,160.0,58.0,CHILE,160.0
4882,1995,7.4,3.0,23.0,150.0,100.0,MEXICO,150.0
4883,1995,6.4,95.0,33.0,140.0,348.0,TURKEY,140.0
4884,1995,7.0,2.0,24.0,160.0,5.0,ECUADOR,160.0
4886,1995,6.8,84.0,33.0,60.0,1868.0,INDONESIA,60.0
4887,1995,8.0,49.0,33.0,150.0,200.0,MEXICO,150.0
4890,1995,6.2,81.0,10.0,30.0,800.0,CHINA,30.0
4892,1995,7.2,11.0,10.0,15.0,47.0,EGYPT,15.0
4895,1996,6.6,322.0,11.0,30.0,17057.0,CHINA,30.0
4896,1996,8.2,54.0,33.0,170.0,423.0,INDONESIA,170.0
4899,1996,6.3,24.0,28.0,40.0,128.0,CHINA,40.0
4900,1996,5.9,27.0,33.0,160.0,,ECUADOR,160.0
4901,1996,7.2,1.0,44.0,170.0,,SOLOMON ISLANDS,170.0
4902,1996,6.0,23.0,26.0,30.0,330.0,CHINA,30.0
4911,1996,7.7,14.0,33.0,160.0,560.0,PERU,160.0
4914,1997,7.2,1.0,33.0,150.0,,MEXICO,150.0
4916,1997,5.9,12.0,33.0,40.0,40.0,CHINA,40.0
4917,1997,6.5,88.0,10.0,140.0,1948.0,IRAN,140.0
4918,1997,7.1,60.0,33.0,60.0,,PAKISTAN,60.0
4919,1997,6.1,1100.0,10.0,140.0,2600.0,IRAN,140.0
4920,1997,5.6,2.0,22.0,40.0,6.0,CHINA,40.0
4921,1997,4.9,15.0,50.0,60.0,,PAKISTAN,60.0
4925,1997,6.2,9.0,15.0,40.0,89.0,CHINA,40.0
4929,1997,7.2,1728.0,10.0,140.0,2300.0,IRAN,140.0
4930,1997,6.4,1.0,196.0,40.0,,AFGHANISTAN,40.0
4931,1997,5.8,56.0,36.0,60.0,1000.0,INDIA,60.0
4933,1997,7.0,81.0,20.0,90.0,522.0,VENEZUELA,90.0
4934,1997,5.0,15.0,5.0,10.0,46.0,SOUTH AFRICA,10.0
4937,1997,6.0,14.0,10.0,130.0,100.0,ITALY,130.0
4938,1997,5.9,20.0,33.0,170.0,300.0,INDONESIA,170.0
4941,1997,7.1,8.0,58.0,160.0,300.0,CHILE,160.0
4944,1997,6.1,23.0,54.0,60.0,200.0,INDIA,60.0
4947,1998,5.7,70.0,30.0,30.0,11500.0,CHINA,30.0
4950,1998,5.9,2323.0,33.0,40.0,818.0,AFGHANISTAN,40.0
4951,1998,6.4,1.0,236.0,40.0,11.0,AFGHANISTAN,40.0
4952,1998,6.6,5.0,9.0,140.0,50.0,IRAN,140.0
4956,1998,5.8,12.0,33.0,140.0,10.0,IRAN,140.0
4957,1998,5.7,1.0,10.0,120.0,,AUSTRIA,120.0
4959,1998,6.6,105.0,24.0,160.0,150.0,BOLIVIA,160.0
4961,1998,6.6,4700.0,33.0,40.0,,AFGHANISTAN,40.0
4963,1998,6.3,145.0,33.0,140.0,1500.0,TURKEY,140.0
4964,1998,6.2,10.0,10.0,130.0,100.0,AZORES (PORTUGAL),130.0
4966,1998,5.7,5.0,13.0,30.0,27.0,TAIWAN,30.0
4968,1998,7.2,3.0,33.0,160.0,40.0,ECUADOR,160.0
4969,1998,6.4,3.0,33.0,40.0,7.0,CHINA,40.0
4970,1998,6.6,1.0,152.0,60.0,,INDONESIA,60.0
4971,1998,5.5,1.0,10.0,130.0,17.0,SERBIA,130.0
4974,1998,5.4,5.0,33.0,140.0,105.0,IRAN,140.0
4975,1998,5.6,5.0,33.0,30.0,1543.0,CHINA,30.0
4976,1998,7.7,41.0,33.0,170.0,107.0,INDONESIA,170.0
4978,1999,6.2,1185.0,17.0,160.0,4750.0,COLOMBIA,160.0
4981,1999,6.0,70.0,33.0,40.0,500.0,AFGHANISTAN,40.0
4982,1999,6.6,1.0,33.0,140.0,,IRAN,140.0
4984,1999,6.6,100.0,15.0,60.0,394.0,INDIA,60.0
4985,1999,6.8,1.0,87.0,160.0,50.0,PERU,160.0
4986,1999,6.2,26.0,33.0,140.0,100.0,IRAN,140.0
4987,1999,5.4,1.0,33.0,40.0,18.0,AZERBAIJAN,40.0
4988,1999,7.0,20.0,70.0,150.0,200.0,MEXICO,150.0
4990,1999,6.7,2.0,10.0,100.0,40.0,GUATEMALA,100.0
4991,1999,4.2,6.0,10.0,60.0,200.0,BANGLADESH,60.0
4992,1999,7.6,17118.0,13.0,140.0,50000.0,TURKEY,140.0
4993,1999,5.2,1.0,10.0,140.0,166.0,TURKEY,140.0
4994,1999,6.0,143.0,10.0,130.0,1600.0,GREECE,130.0
4995,1999,5.8,7.0,13.0,140.0,422.0,TURKEY,140.0
4996,1999,7.7,2297.0,33.0,30.0,8700.0,TAIWAN,30.0
4998,1999,7.5,35.0,61.0,150.0,215.0,MEXICO,150.0
5000,1999,5.9,1.0,33.0,30.0,254.0,TAIWAN,30.0
5003,1999,5.7,2.0,22.0,140.0,171.0,TURKEY,140.0
5004,1999,7.2,894.0,10.0,140.0,4948.0,TURKEY,140.0
5005,1999,4.6,1.0,33.0,30.0,5.0,CHINA,30.0
5007,1999,7.5,5.0,33.0,170.0,100.0,VANUATU,170.0
5009,1999,5.7,1.0,19.0,140.0,6.0,TURKEY,140.0
5010,1999,7.3,5.0,33.0,170.0,40.0,PHILIPPINES,170.0
5011,1999,6.5,5.0,56.0,60.0,220.0,INDONESIA,60.0
5012,1999,5.6,24.0,10.0,15.0,175.0,ALGERIA,15.0
5015,2000,5.9,5.0,33.0,30.0,2528.0,CHINA,30.0
5016,2000,5.3,1.0,33.0,140.0,15.0,IRAN,140.0
5020,2000,7.6,46.0,26.0,170.0,264.0,INDONESIA,170.0
5022,2000,5.4,3.0,10.0,30.0,13.0,TAIWAN,30.0
5023,2000,7.9,103.0,33.0,60.0,2174.0,INDONESIA,60.0
5024,2000,6.0,2.0,10.0,140.0,80.0,TURKEY,140.0
5026,2000,6.7,1.0,33.0,60.0,,INDONESIA,60.0
5027,2000,6.4,2.0,33.0,30.0,36.0,TAIWAN,30.0
5031,2000,6.1,1.0,10.0,30.0,,JAPAN,30.0
5032,2000,5.4,7.0,33.0,100.0,42.0,NICARAGUA,100.0
5038,2000,4.2,1.0,33.0,30.0,406.0,CHINA,30.0
5044,2000,8.0,2.0,17.0,170.0,,PAPUA NEW GUINEA,170.0
5047,2000,6.8,31.0,50.0,40.0,430.0,AZERBAIJAN,40.0
5048,2000,7.0,11.0,30.0,40.0,,TURKMENISTAN,40.0
5049,2000,6.0,6.0,10.0,140.0,41.0,TURKEY,140.0
5051,2001,7.7,844.0,60.0,100.0,4723.0,EL SALVADOR,100.0
5052,2001,7.7,20005.0,16.0,60.0,166836.0,INDIA,60.0
5053,2001,6.6,315.0,10.0,100.0,3399.0,EL SALVADOR,100.0
5054,2001,5.6,3.0,33.0,30.0,109.0,CHINA,30.0
5055,2001,6.8,1.0,52.0,150.0,400.0,USA,150.0
5056,2001,6.8,2.0,50.0,30.0,161.0,JAPAN,30.0
5057,2001,5.7,1.0,10.0,100.0,,EL SALVADOR,100.0
5058,2001,5.5,2.0,33.0,30.0,605.0,CHINA,30.0
5059,2001,5.0,4.0,62.0,40.0,20.0,AFGHANISTAN,40.0
5060,2001,8.4,77.0,33.0,160.0,2713.0,PERU,160.0
5063,2001,7.6,1.0,33.0,160.0,30.0,PERU,160.0
5066,2001,5.8,4.0,33.0,160.0,15.0,PERU,160.0
5071,2001,5.6,1.0,10.0,30.0,220.0,CHINA,30.0
5076,2002,5.3,3.0,33.0,40.0,50.0,TAJIKISTAN,40.0
5077,2002,6.7,1.0,11.0,170.0,,PAPUA NEW GUINEA,170.0
5081,2002,6.5,44.0,5.0,140.0,318.0,TURKEY,140.0
5083,2002,5.4,1.0,33.0,140.0,30.0,IRAN,140.0
5085,2002,7.4,166.0,226.0,40.0,,AFGHANISTAN,40.0
5086,2002,7.5,15.0,31.0,170.0,100.0,PHILIPPINES,170.0
5087,2002,6.1,1000.0,8.0,40.0,200.0,AFGHANISTAN,40.0
5089,2002,7.1,5.0,33.0,30.0,200.0,TAIWAN,30.0
5091,2002,5.9,50.0,10.0,40.0,150.0,TAJIKISTAN,40.0
5094,2002,5.7,1.0,10.0,130.0,60.0,SERBIA,130.0
5095,2002,5.4,2.0,33.0,140.0,56.0,IRAN,140.0
5096,2002,4.3,5.0,10.0,40.0,52.0,GEORGIA,40.0
5098,2002,5.5,2.0,10.0,10.0,,TANZANIA,10.0
5101,2002,6.5,261.0,10.0,140.0,1300.0,IRAN,140.0
5106,2002,6.2,48.0,10.0,170.0,,INDONESIA,170.0
5112,2002,6.0,2.0,5.0,130.0,20.0,ITALY,130.0
5113,2002,7.6,4.0,13.0,170.0,70.0,PAPUA NEW GUINEA,170.0
5114,2002,6.5,2.0,21.0,60.0,,INDIA,60.0
5120,2002,7.6,8.0,10.0,170.0,632.0,INDONESIA,170.0
5122,2002,6.2,2.0,11.0,10.0,,CONGO,10.0
5124,2002,5.7,29.0,10.0,130.0,135.0,ITALY,130.0
5125,2002,5.4,11.0,33.0,60.0,40.0,PAKISTAN,60.0
5126,2002,7.3,3.0,30.0,60.0,65.0,INDONESIA,60.0
5128,2002,6.3,19.0,33.0,60.0,40.0,PAKISTAN,60.0
5131,2002,5.5,2.0,22.0,30.0,,CHINA,30.0
5137,2003,7.5,29.0,24.0,150.0,300.0,MEXICO,150.0
5140,2003,6.1,1.0,10.0,140.0,,TURKEY,140.0
5146,2003,6.3,261.0,11.0,40.0,4000.0,CHINA,40.0
5147,2003,5.4,5.0,10.0,40.0,,CHINA,40.0
5150,2003,6.5,4.0,33.0,60.0,20.0,INDONESIA,60.0
5155,2003,6.4,177.0,10.0,140.0,521.0,TURKEY,140.0
5156,2003,5.8,1.0,10.0,40.0,3.0,CHINA,40.0
5157,2003,6.8,2266.0,12.0,15.0,10261.0,ALGERIA,15.0
5159,2003,7.0,1.0,31.0,170.0,7.0,INDONESIA,170.0
5160,2003,5.7,9.0,8.0,15.0,200.0,ALGERIA,15.0
5165,2003,5.8,1.0,10.0,140.0,25.0,IRAN,140.0
5167,2003,5.9,16.0,10.0,30.0,584.0,CHINA,30.0
5171,2003,5.7,2.0,10.0,60.0,25.0,BANGLADESH,60.0
5176,2003,5.4,4.0,24.0,30.0,1000.0,CHINA,30.0
5182,2003,6.4,3.0,10.0,90.0,15.0,DOMINICAN REPUBLIC,90.0
5184,2003,7.3,3.0,16.0,40.0,5.0,RUSSIA,40.0
5190,2003,5.6,3.0,33.0,30.0,32.0,CHINA,30.0
5191,2003,5.8,9.0,10.0,30.0,43.0,CHINA,30.0
5193,2003,5.1,1.0,10.0,30.0,30.0,CHINA,30.0
5194,2003,5.6,4.0,33.0,30.0,65.0,CHINA,30.0
5196,2003,6.5,1.0,35.0,170.0,21.0,PHILIPPINES,170.0
5198,2003,6.0,11.0,10.0,40.0,47.0,CHINA,40.0
5203,2003,6.6,2.0,8.0,150.0,40.0,USA,150.0
5204,2003,6.5,2.0,33.0,100.0,75.0,PANAMA,100.0
5205,2003,6.6,31000.0,10.0,140.0,30000.0,IRAN,140.0
5207,2004,5.8,1.0,45.0,60.0,29.0,INDONESIA,60.0
5214,2004,7.0,37.0,17.0,170.0,682.0,INDONESIA,170.0
5217,2004,5.4,24.0,11.0,60.0,40.0,PAKISTAN,60.0
5218,2004,5.1,5.0,56.0,60.0,7.0,INDONESIA,60.0
5220,2004,4.7,3.0,10.0,10.0,,BURUNDI,10.0
5221,2004,6.4,628.0,0.0,15.0,926.0,MOROCCO,15.0
5224,2004,5.6,10.0,,140.0,46.0,TURKEY,140.0
5226,2004,6.5,3.0,187.0,40.0,5.0,AFGHANISTAN,40.0
5230,2004,5.2,2.0,45.0,30.0,1.0,TAIWAN,30.0
5234,2004,4.5,1.0,10.0,60.0,30.0,PAKISTAN,60.0
5236,2004,6.3,35.0,17.0,140.0,400.0,IRAN,140.0
5240,2004,5.1,18.0,5.0,140.0,21.0,TURKEY,140.0
5241,2004,5.2,1.0,8.0,130.0,5.0,SLOVENIA,130.0
5243,2004,5.4,1.0,5.0,170.0,2.0,NEW ZEALAND,170.0
5244,2004,5.2,2.0,10.0,40.0,40.0,AFGHANISTAN,40.0
5245,2004,4.0,1.0,5.0,140.0,5.0,TURKEY,140.0
5247,2004,5.4,4.0,6.0,30.0,600.0,CHINA,30.0
5248,2004,5.7,1.0,7.0,140.0,11.0,TURKEY,140.0
5251,2004,6.1,1.0,22.0,160.0,,ARGENTINA,160.0
5259,2004,6.6,40.0,16.0,30.0,3183.0,JAPAN,30.0
5265,2004,7.5,34.0,10.0,60.0,400.0,INDONESIA,60.0
5268,2004,6.4,8.0,16.0,100.0,,COSTA RICA,100.0
5269,2004,6.3,1.0,14.0,90.0,12.0,GUADELOUPE,90.0
5273,2004,7.1,32.0,10.0,170.0,130.0,INDONESIA,170.0
5284,2004,9.1,1001.0,30.0,60.0,,INDONESIA,60.0
5288,2005,6.3,1.0,11.0,170.0,4.0,INDONESIA,170.0
5291,2005,5.9,2.0,41.0,140.0,22.0,TURKEY,140.0
5293,2005,4.8,1.0,15.0,60.0,,INDONESIA,60.0
5297,2005,6.4,612.0,14.0,140.0,1411.0,IRAN,140.0
5299,2005,4.3,2.0,5.0,10.0,58.0,SOUTH AFRICA,10.0
5305,2005,6.6,1.0,10.0,30.0,500.0,JAPAN,30.0
5306,2005,8.6,1303.0,30.0,60.0,340.0,INDONESIA,60.0
5308,2005,7.7,11.0,116.0,160.0,200.0,CHILE,160.0
5316,2005,4.7,1.0,48.0,30.0,12.0,CHINA,30.0
5330,2005,7.5,5.0,115.0,160.0,60.0,PERU,160.0
5332,2005,7.6,76213.0,26.0,60.0,146599.0,PAKISTAN,60.0
5333,2005,5.9,1.0,10.0,140.0,15.0,TURKEY,140.0
5335,2005,4.2,1.0,10.0,30.0,1.0,CHINA,30.0
5338,2005,5.2,16.0,10.0,30.0,8000.0,CHINA,30.0
5340,2005,6.0,13.0,10.0,140.0,100.0,IRAN,140.0
5341,2005,6.8,6.0,22.0,10.0,,CONGO,10.0
5342,2005,6.5,5.0,225.0,40.0,1.0,AFGHANISTAN,40.0
5343,2005,5.3,1.0,44.0,60.0,4.0,INDIA,60.0
5347,2006,5.3,2.0,30.0,60.0,2.0,INDIA,60.0
5349,2006,7.0,4.0,11.0,10.0,36.0,MOZAMBIQUE,10.0
5353,2006,4.9,1.0,10.0,60.0,22.0,PAKISTAN,60.0
5355,2006,4.9,4.0,10.0,15.0,9.0,ALGERIA,15.0
5356,2006,5.9,1.0,18.0,140.0,1.0,IRAN,140.0
5358,2006,6.1,70.0,7.0,140.0,1300.0,IRAN,140.0
5370,2006,6.3,5749.0,13.0,60.0,38568.0,INDONESIA,60.0
5371,2006,5.1,2.0,5.0,140.0,4.0,IRAN,140.0
5378,2006,4.9,22.0,56.0,30.0,106.0,CHINA,30.0
5379,2006,5.6,3.0,34.0,40.0,19.0,TAJIKISTAN,40.0
5383,2006,4.6,1.0,22.0,30.0,31.0,CHINA,30.0
5387,2006,5.5,1.0,52.0,90.0,,TRINIDAD AND TOBAGO,90.0
5398,2006,6.3,1.0,43.0,60.0,14.0,INDONESIA,60.0
5401,2006,5.8,7.0,30.0,60.0,100.0,INDONESIA,60.0
5404,2006,7.0,2.0,10.0,30.0,40.0,TAIWAN,30.0
5411,2007,7.5,4.0,22.0,170.0,4.0,INDONESIA,170.0
5414,2007,6.4,67.0,19.0,60.0,826.0,INDONESIA,60.0
5418,2007,6.7,1.0,8.0,30.0,150.0,JAPAN,30.0
5420,2007,8.1,2.0,24.0,170.0,,SOLOMON ISLANDS,170.0
5424,2007,6.2,2.0,37.0,160.0,,CHILE,160.0
5429,2007,6.1,3.0,5.0,30.0,329.0,CHINA,30.0
5433,2007,6.6,9.0,10.0,30.0,1088.0,JAPAN,30.0
5436,2007,5.2,12.0,10.0,40.0,,TAJIKISTAN,40.0
5440,2007,6.2,2.0,5.0,50.0,12.0,RUSSIA,50.0
5442,2007,4.2,9.0,2.0,150.0,,USA,150.0
5444,2007,8.0,514.0,39.0,160.0,1090.0,PERU,160.0
5445,2007,1.6,3.0,0.0,150.0,6.0,USA,150.0
5451,2007,8.4,25.0,34.0,60.0,161.0,INDONESIA,60.0
5456,2007,4.8,1.0,10.0,60.0,12.0,PAKISTAN,60.0
5458,2007,5.1,1.0,10.0,60.0,5.0,INDIA,60.0
5459,2007,5.1,1.0,72.0,170.0,,PHILIPPINES,170.0
5461,2007,7.7,2.0,40.0,160.0,65.0,CHILE,160.0
5464,2007,6.5,3.0,35.0,60.0,,INDONESIA,60.0
5466,2007,7.4,1.0,156.0,90.0,102.0,MARTINIQUE,90.0
5467,2007,4.6,1.0,10.0,160.0,6.0,BRAZIL,160.0
5470,2007,6.6,1.0,20.0,170.0,,NEW ZEALAND,170.0
5476,2008,4.6,1.0,10.0,15.0,,ALGERIA,15.0
5478,2008,6.1,1.0,20.0,60.0,5.0,INDONESIA,60.0
5479,2008,5.9,38.0,10.0,10.0,717.0,CONGO,10.0
5480,2008,4.3,1.0,10.0,60.0,50.0,INDIA,60.0
5483,2008,4.9,1.0,10.0,10.0,109.0,RWANDA,10.0
5485,2008,7.4,3.0,26.0,60.0,25.0,INDONESIA,60.0
5500,2008,7.9,87652.0,19.0,30.0,374171.0,CHINA,30.0
5502,2008,5.6,6.0,9.0,160.0,,COLOMBIA,160.0
5503,2008,6.0,8.0,10.0,30.0,927.0,CHINA,30.0
5507,2008,5.5,1.0,4.0,15.0,30.0,ALGERIA,15.0
5509,2008,6.3,2.0,16.0,130.0,240.0,GREECE,130.0
5510,2008,6.9,13.0,8.0,30.0,357.0,JAPAN,30.0
5514,2008,6.2,1.0,123.0,160.0,,PERU,160.0
5516,2008,6.8,1.0,108.0,30.0,200.0,JAPAN,30.0
5517,2008,5.6,1.0,10.0,30.0,17.0,CHINA,30.0
5520,2008,6.0,4.0,6.0,30.0,29.0,CHINA,30.0
5524,2008,6.0,5.0,1.0,30.0,127.0,CHINA,30.0
5529,2008,5.9,43.0,17.0,30.0,589.0,CHINA,30.0
5531,2008,5.4,2.0,25.0,60.0,,INDONESIA,60.0
5532,2008,6.1,7.0,12.0,140.0,45.0,IRAN,140.0
5534,2008,5.0,1.0,10.0,60.0,20.0,INDIA,60.0
5535,2008,6.6,74.0,27.0,40.0,140.0,KYRGYZSTAN,40.0
5536,2008,6.3,9.0,12.0,40.0,19.0,CHINA,40.0
5537,2008,5.7,13.0,16.0,40.0,100.0,RUSSIA,40.0
5538,2008,6.4,166.0,15.0,60.0,370.0,PAKISTAN,60.0
5541,2008,7.3,6.0,30.0,170.0,77.0,INDONESIA,170.0
5543,2008,4.1,2.0,,110.0,3.0,CZECH REPUBLIC,110.0
5545,2008,4.5,2.0,25.0,30.0,3.0,CHINA,30.0
5550,2009,7.6,5.0,17.0,170.0,250.0,INDONESIA,170.0
5552,2009,6.1,23.0,14.0,100.0,100.0,COSTA RICA,100.0
5561,2009,6.3,309.0,9.0,130.0,1500.0,ITALY,130.0
5562,2009,5.5,1.0,15.0,130.0,,ITALY,130.0
5564,2009,5.4,19.0,6.0,40.0,51.0,AFGHANISTAN,40.0
5569,2009,7.3,7.0,10.0,90.0,40.0,HONDURAS,90.0
5572,2009,5.4,1.0,15.0,40.0,,KAZAKHSTAN,40.0
5578,2009,3.4,2.0,10.0,30.0,1.0,CHINA,30.0
5580,2009,6.4,1.0,40.0,30.0,123.0,JAPAN,30.0
5584,2009,7.0,81.0,46.0,60.0,1297.0,INDONESIA,60.0
5589,2009,6.1,11.0,14.0,60.0,,BHUTAN,60.0
5592,2009,7.5,1117.0,81.0,60.0,1214.0,INDONESIA,60.0
5593,2009,6.6,3.0,10.0,60.0,,INDONESIA,60.0
5597,2009,6.1,5.0,18.0,40.0,,AFGHANISTAN,40.0
5601,2009,6.6,2.0,18.0,60.0,200.0,INDONESIA,60.0
5603,2009,3.5,2.0,2.0,10.0,3.0,SOUTH AFRICA,10.0
5604,2009,5.9,1.0,8.0,10.0,15.0,MALAWI,10.0
5608,2009,6.0,3.0,6.0,10.0,250.0,MALAWI,10.0
5615,2010,5.1,1.0,65.0,60.0,2.0,INDONESIA,60.0
5617,2010,7.0,316000.0,13.0,90.0,30000.0,HAITI,90.0
5620,2010,4.4,7.0,27.0,30.0,9.0,CHINA,30.0
5621,2010,4.7,1.0,10.0,30.0,15.0,CHINA,30.0
5624,2010,8.8,402.0,23.0,160.0,12000.0,CHILE,160.0
5625,2010,6.3,2.0,10.0,160.0,2.0,ARGENTINA,160.0
5627,2010,6.1,51.0,12.0,140.0,100.0,TURKEY,140.0
5630,2010,7.2,2.0,4.0,150.0,233.0,MEXICO,150.0
5632,2010,6.9,2220.0,17.0,30.0,12135.0,CHINA,30.0
5633,2010,5.6,11.0,13.0,40.0,70.0,AFGHANISTAN,40.0
5638,2010,5.2,2.0,2.0,15.0,43.0,ALGERIA,15.0
5643,2010,7.0,17.0,18.0,170.0,,INDONESIA,170.0
5647,2010,6.2,1.0,20.0,150.0,,MEXICO,150.0
5648,2010,5.8,1.0,10.0,140.0,32.0,IRAN,140.0
5654,2010,5.7,3.0,7.0,140.0,200.0,IRAN,140.0
5661,2010,5.8,1.0,27.0,140.0,3.0,IRAN,140.0
5662,2010,5.2,1.0,33.0,60.0,15.0,PAKISTAN,60.0
5664,2010,5.5,2.0,1.0,130.0,100.0,SERBIA,130.0
5669,2010,6.5,7.0,12.0,140.0,25.0,IRAN,140.0
5675,2011,7.2,3.0,68.0,60.0,,PAKISTAN,60.0
5677,2011,6.3,1.0,85.0,60.0,,MYANMAR (BURMA),60.0
5680,2011,6.1,181.0,6.0,170.0,1500.0,NEW ZEALAND,170.0
5683,2011,5.5,25.0,26.0,30.0,250.0,CHINA,30.0
5684,2011,9.1,1475.0,30.0,30.0,6157.0,JAPAN,30.0
5687,2011,6.8,75.0,8.0,60.0,123.0,MYANMAR (BURMA),60.0
5689,2011,7.1,3.0,42.0,30.0,132.0,JAPAN,30.0
5691,2011,6.6,7.0,11.0,30.0,,JAPAN,30.0
5694,2011,5.1,10.0,1.0,130.0,,SPAIN,130.0
5695,2011,4.3,2.0,7.0,140.0,125.0,TURKEY,140.0
5697,2011,6.0,1.0,6.0,170.0,45.0,NEW ZEALAND,170.0
5703,2011,6.1,14.0,20.0,40.0,86.0,UZBEKISTAN,40.0
5711,2011,6.7,10.0,91.0,60.0,,INDONESIA,60.0
5713,2011,6.9,111.0,50.0,60.0,177.0,INDIA,60.0
5714,2011,5.6,1.0,9.0,100.0,,GUATEMALA,100.0
5717,2011,7.1,604.0,16.0,140.0,2608.0,TURKEY,140.0
5718,2011,6.9,1.0,24.0,160.0,103.0,PERU,160.0
5719,2011,3.5,2.0,10.0,60.0,,INDIA,60.0
5725,2011,5.7,40.0,5.0,140.0,,TURKEY,140.0
5730,2011,6.4,2.0,54.0,150.0,5.0,MEXICO,150.0
5736,2012,6.7,51.0,11.0,170.0,112.0,PHILIPPINES,170.0
5743,2012,7.4,2.0,20.0,150.0,13.0,MEXICO,150.0
5744,2012,7.2,1.0,41.0,160.0,14.0,CHILE,160.0
5745,2012,8.6,10.0,20.0,60.0,12.0,INDONESIA,60.0
5748,2012,6.7,2.0,29.0,160.0,,CHILE,160.0
5752,2012,5.7,1.0,10.0,40.0,,TAJIKISTAN,40.0
5755,2012,6.1,7.0,6.0,130.0,,ITALY,130.0
5758,2012,5.9,17.0,10.0,130.0,350.0,ITALY,130.0
5761,2012,5.8,75.0,16.0,40.0,13.0,AFGHANISTAN,40.0
5763,2012,5.5,4.0,10.0,30.0,394.0,CHINA,30.0
5765,2012,4.9,1.0,10.0,30.0,2.0,CHINA,30.0
5766,2012,6.5,1.0,22.0,60.0,,INDONESIA,60.0
5768,2012,6.5,306.0,11.0,140.0,3000.0,IRAN,140.0
5770,2012,6.3,6.0,10.0,170.0,43.0,INDONESIA,170.0
5772,2012,7.6,1.0,28.0,170.0,1.0,PHILIPPINES,170.0
5773,2012,7.6,2.0,35.0,100.0,20.0,COSTA RICA,100.0
5774,2012,5.6,81.0,10.0,30.0,821.0,CHINA,30.0
5777,2012,7.3,48.0,24.0,100.0,155.0,GUATEMALA,100.0
5778,2012,6.8,26.0,14.0,60.0,230.0,MYANMAR (BURMA),60.0
5780,2012,5.7,8.0,14.0,140.0,12.0,IRAN,140.0
5783,2013,6.1,1.0,12.0,60.0,15.0,INDONESIA,60.0
5792,2013,6.0,1.0,19.0,30.0,86.0,TAIWAN,30.0
5793,2013,6.3,37.0,12.0,140.0,850.0,IRAN,140.0
5796,2013,7.7,40.0,80.0,140.0,300.0,IRAN,140.0
5798,2013,2.1,14.0,0.0,150.0,200.0,USA,150.0
5800,2013,6.6,196.0,14.0,30.0,11470.0,CHINA,30.0
5801,2013,5.5,18.0,64.0,40.0,141.0,AFGHANISTAN,40.0
5802,2013,5.7,3.0,15.0,60.0,90.0,INDIA,60.0
5803,2013,6.1,2.0,15.0,140.0,20.0,IRAN,140.0
5807,2013,6.3,4.0,17.0,30.0,21.0,TAIWAN,30.0
5810,2013,6.1,42.0,13.0,60.0,2500.0,INDONESIA,60.0
5814,2013,6.0,94.0,8.0,30.0,1001.0,CHINA,30.0
5821,2013,5.8,5.0,8.0,30.0,24.0,CHINA,30.0
5822,2013,6.4,1.0,66.0,100.0,11.0,GUATEMALA,100.0
5823,2013,7.7,825.0,15.0,60.0,619.0,PAKISTAN,60.0
5825,2013,6.8,22.0,12.0,60.0,50.0,PAKISTAN,60.0
5827,2013,7.1,222.0,19.0,170.0,976.0,PHILIPPINES,170.0
5828,2013,5.5,1.0,10.0,60.0,2.0,INDONESIA,60.0
5833,2013,5.7,8.0,4.0,140.0,200.0,IRAN,140.0
5834,2014,5.3,1.0,8.0,140.0,30.0,IRAN,140.0
5848,2014,8.2,7.0,25.0,160.0,,CHILE,160.0
5851,2014,6.1,2.0,13.0,100.0,250.0,NICARAGUA,100.0
5852,2014,7.1,1.0,61.0,170.0,,PAPUA NEW GUINEA,170.0
5858,2014,6.1,1.0,6.0,60.0,32.0,THAILAND,60.0
5860,2014,4.5,2.0,15.0,60.0,70.0,PAKISTAN,60.0
5863,2014,6.9,3.0,23.0,130.0,266.0,GREECE,130.0
5867,2014,6.9,3.0,67.0,150.0,33.0,MEXICO,150.0
5871,2014,6.3,1.0,107.0,150.0,1.0,MEXICO,150.0
5872,2014,5.5,6.0,30.0,15.0,420.0,ALGERIA,15.0
5873,2014,6.2,615.0,12.0,30.0,3143.0,CHINA,30.0
5874,2014,5.5,1.0,5.0,10.0,17.0,SOUTH AFRICA,10.0
5875,2014,5.1,2.0,12.0,160.0,8.0,ECUADOR,160.0
5878,2014,6.1,1.0,11.0,150.0,257.0,USA,150.0
5880,2014,5.1,8.0,10.0,160.0,6.0,PERU,160.0
5881,2014,6.1,1.0,9.0,30.0,323.0,CHINA,30.0
5883,2014,7.3,1.0,40.0,100.0,,EL SALVADOR,100.0
5885,2014,5.9,5.0,9.0,30.0,65.0,CHINA,30.0
5887,2014,5.6,1.0,10.0,30.0,15.0,CHINA,30.0
5893,2015,3.6,4.0,7.0,130.0,1.0,BOSNIA-HERZEGOVINA,130.0
5900,2015,4.6,2.0,10.0,30.0,13.0,CHINA,30.0
5902,2015,6.4,1.0,29.0,30.0,1.0,TAIWAN,30.0
5903,2015,7.8,8200.0,8.0,60.0,17866.0,NEPAL,60.0
5906,2015,7.3,117.0,15.0,60.0,2800.0,NEPAL,60.0
5908,2015,6.0,18.0,10.0,170.0,,MALAYSIA,170.0
5910,2015,6.4,3.0,10.0,40.0,263.0,CHINA,40.0
5911,2015,6.1,1.0,32.0,170.0,,PHILIPPINES,170.0
5914,2015,5.1,3.0,17.0,60.0,1.0,PAKISTAN,60.0
5916,2015,7.0,1.0,48.0,170.0,,INDONESIA,170.0
5918,2015,5.8,3.0,11.0,10.0,30.0,RWANDA,10.0
5920,2015,8.3,7.0,22.0,160.0,14.0,CHILE,160.0
5922,2015,5.8,2.0,33.0,160.0,30.0,ARGENTINA,160.0
5923,2015,7.5,399.0,231.0,40.0,1770.0,AFGHANISTAN,40.0
5925,2015,5.3,1.0,14.0,160.0,,VENEZUELA,160.0
5928,2015,6.5,2.0,11.0,130.0,4.0,GREECE,130.0
5931,2015,5.1,1.0,5.0,160.0,3.0,VENEZUELA,160.0
5934,2015,7.2,2.0,22.0,40.0,,TAJIKISTAN,40.0
5935,2015,6.6,2.0,85.0,150.0,,MEXICO,150.0
5936,2015,6.3,4.0,206.0,40.0,97.0,AFGHANISTAN,40.0
5937,2016,6.7,13.0,55.0,60.0,100.0,INDIA,60.0
5938,2016,5.6,1.0,4.0,170.0,22.0,INDONESIA,170.0
5940,2016,6.3,1.0,12.0,15.0,26.0,MOROCCO,15.0
5941,2016,6.4,117.0,10.0,30.0,525.0,TAIWAN,30.0
5943,2016,6.6,6.0,212.0,40.0,5.0,AFGHANISTAN,40.0
5944,2016,6.9,2.0,136.0,60.0,170.0,MYANMAR (BURMA),60.0
5945,2016,7.0,50.0,10.0,30.0,1500.0,JAPAN,30.0
5946,2016,7.8,663.0,17.0,160.0,6274.0,ECUADOR,160.0
5949,2016,6.9,1.0,30.0,160.0,162.0,ECUADOR,160.0
5951,2016,6.6,1.0,50.0,60.0,30.0,INDONESIA,60.0
5958,2016,5.5,9.0,8.0,160.0,68.0,PERU,160.0
5961,2016,6.2,299.0,4.0,130.0,368.0,ITALY,130.0
5962,2016,6.8,4.0,82.0,60.0,20.0,MYANMAR (BURMA),60.0
5964,2016,5.9,23.0,40.0,10.0,252.0,TANZANIA,10.0
5966,2016,5.4,1.0,13.0,30.0,14.0,SOUTH KOREA,30.0
5967,2016,4.8,8.0,10.0,10.0,,RWANDA,10.0
5968,2016,5.5,1.0,8.0,100.0,5.0,NICARAGUA,100.0
5969,2016,5.4,1.0,10.0,60.0,,PAKISTAN,60.0
5971,2016,6.1,1.0,10.0,130.0,,ITALY,130.0
5972,2016,6.6,2.0,9.0,130.0,20.0,ITALY,130.0
5974,2016,7.8,2.0,15.0,170.0,,NEW ZEALAND,170.0
5977,2016,6.6,1.0,17.0,40.0,,CHINA,40.0
5978,2016,5.4,1.0,10.0,40.0,1.0,NEPAL,40.0
5979,2016,4.2,8.0,5.0,120.0,9.0,POLAND,120.0
5981,2016,6.2,1.0,10.0,160.0,17.0,PERU,160.0
5982,2016,6.5,104.0,13.0,60.0,857.0,INDONESIA,60.0
5983,2016,6.0,1.0,18.0,40.0,,CHINA,40.0
5984,2016,7.8,1.0,40.0,170.0,,SOLOMON ISLANDS,170.0
5987,2016,5.4,3.0,6.0,160.0,47.0,ECUADOR,160.0
5989,2017,5.7,3.0,32.0,60.0,,INDIA,60.0
5991,2017,5.0,4.0,10.0,140.0,4.0,IRAN,140.0
5992,2017,5.5,2.0,7.0,60.0,,MADAGASCAR,60.0
5993,2017,5.7,34.0,9.0,130.0,11.0,ITALY,130.0
5994,2017,7.9,3.0,135.0,170.0,,PAPUA NEW GUINEA,170.0
5998,2017,6.5,8.0,15.0,170.0,202.0,PHILIPPINES,170.0
6000,2017,5.7,1.0,11.0,170.0,45.0,PHILIPPINES,170.0
6001,2017,5.1,2.0,10.0,60.0,36.0,MYANMAR (BURMA),60.0
6004,2017,6.1,2.0,13.0,140.0,11.0,IRAN,140.0
6006,2017,4.8,1.0,10.0,100.0,3.0,EL SALVADOR,100.0
6011,2017,5.4,8.0,8.0,40.0,23.0,CHINA,40.0
6013,2017,5.6,3.0,8.0,140.0,400.0,IRAN,140.0
6014,2017,4.4,1.0,10.0,10.0,18.0,TANZANIA,10.0
6017,2017,6.3,1.0,12.0,130.0,15.0,GREECE,130.0
6018,2017,6.9,5.0,93.0,100.0,30.0,GUATEMALA,100.0
6019,2017,3.2,1.0,,60.0,1.0,NEPAL,60.0
6022,2017,6.5,4.0,11.0,170.0,448.0,PHILIPPINES,170.0
6024,2017,6.4,1.0,44.0,160.0,1.0,PERU,160.0
6025,2017,6.6,2.0,7.0,140.0,500.0,TURKEY,140.0
6026,2017,5.4,1.0,99.0,160.0,,CHILE,160.0
6027,2017,6.5,25.0,9.0,30.0,525.0,CHINA,30.0
6029,2017,5.6,1.0,41.0,160.0,,PERU,160.0
6030,2017,5.8,1.0,32.0,160.0,2.0,PERU,160.0
6031,2017,4.2,2.0,3.0,130.0,42.0,ITALY,130.0
6032,2017,5.0,2.0,17.0,170.0,,PHILIPPINES,170.0
6033,2017,8.2,98.0,46.0,150.0,251.0,MEXICO,150.0
6034,2017,7.1,369.0,39.0,150.0,6000.0,MEXICO,150.0
6035,2017,6.1,5.0,10.0,150.0,7.0,MEXICO,150.0
6038,2017,6.1,1.0,6.0,170.0,,INDONESIA,170.0
6040,2017,7.3,630.0,19.0,140.0,12900.0,IRAN,140.0
6041,2017,6.5,2.0,19.0,100.0,,COSTA RICA,100.0
6044,2017,5.8,1.0,8.0,170.0,,INDONESIA,170.0
6050,2017,6.5,4.0,92.0,60.0,36.0,INDONESIA,60.0
6051,2017,4.9,2.0,10.0,140.0,115.0,IRAN,140.0
6052,2017,4.0,1.0,10.0,140.0,57.0,IRAN,140.0
6058,2018,7.1,2.0,36.0,160.0,139.0,PERU,160.0
6059,2018,6.0,1.0,44.0,60.0,11.0,INDONESIA,60.0
6061,2018,6.1,2.0,191.0,40.0,15.0,AFGHANISTAN,40.0
6062,2018,5.2,1.0,19.0,60.0,,ECUADOR,60.0
6063,2018,6.4,17.0,11.0,30.0,291.0,TAIWAN,30.0
6064,2018,7.2,13.0,25.0,150.0,,MEXICO,150.0
6065,2018,7.5,145.0,23.0,170.0,300.0,PAPUA NEW GUINEA,170.0
6066,2018,6.1,1.0,16.0,170.0,,PAPUA NEW GUINEA,170.0
6067,2018,6.0,11.0,10.0,170.0,,PAPUA NEW GUINEA,170.0
6068,2018,6.7,25.0,10.0,170.0,,PAPUA NEW GUINEA,170.0
6071,2018,6.3,4.0,10.0,170.0,,PAPUA NEW GUINEA,170.0
6074,2018,4.4,3.0,4.0,60.0,21.0,INDONESIA,60.0
6077,2018,2.1,7.0,,10.0,6.0,SOUTH AFRICA,10.0
6079,2018,4.1,5.0,10.0,120.0,2.0,POLAND,120.0
6084,2018,5.3,1.0,24.0,40.0,31.0,AZERBAIJAN,40.0
6085,2018,4.9,2.0,10.0,160.0,,COLOMBIA,160.0
6086,2018,5.5,5.0,11.0,30.0,380.0,JAPAN,30.0
6087,2018,5.2,1.0,10.0,60.0,2.0,INDONESIA,60.0
6089,2018,6.4,17.0,6.0,60.0,355.0,INDONESIA,60.0
6090,2018,6.9,560.0,31.0,60.0,7733.0,INDONESIA,60.0
6091,2018,5.9,2.0,10.0,60.0,24.0,INDONESIA,60.0
6094,2018,6.3,2.0,8.0,60.0,1.0,INDONESIA,60.0
6095,2018,6.9,10.0,26.0,60.0,24.0,INDONESIA,60.0
6096,2018,7.3,5.0,154.0,90.0,,VENEZUELA,90.0
6097,2018,6.0,2.0,10.0,140.0,267.0,IRAN,140.0
6099,2018,6.6,44.0,33.0,30.0,660.0,JAPAN,30.0
6101,2018,5.5,1.0,10.0,140.0,2.0,IRAN,140.0
6103,2018,5.3,1.0,10.0,60.0,,INDIA,60.0
6104,2018,7.5,4340.0,10.0,170.0,10679.0,INDONESIA,170.0
6105,2018,5.9,18.0,12.0,90.0,580.0,HAITI,90.0
6106,2018,6.0,4.0,9.0,60.0,36.0,INDONESIA,60.0
6109,2018,5.6,7.0,9.0,170.0,,INDONESIA,170.0
6110,2018,6.3,1.0,10.0,140.0,759.0,IRAN,140.0
6120,2019,3.8,1.0,2.0,120.0,6.0,POLAND,120.0
6121,2019,6.7,2.0,53.0,160.0,,CHILE,160.0
6122,2019,3.4,1.0,10.0,120.0,8.0,POLAND,120.0
6123,2019,5.6,1.0,10.0,160.0,,COLOMBIA,160.0
6124,2019,3.6,1.0,5.0,60.0,,INDIA,60.0
6127,2019,7.5,1.0,132.0,160.0,9.0,ECUADOR,160.0
6128,2019,4.9,2.0,10.0,30.0,12.0,CHINA,30.0
6130,2019,7.0,1.0,257.0,160.0,1.0,PERU,160.0
6131,2019,5.5,6.0,24.0,60.0,,INDONESIA,60.0
6132,2019,5.5,1.0,22.0,10.0,,TANZANIA,10.0
6133,2019,6.8,1.0,18.0,60.0,,INDONESIA,60.0
6134,2019,6.1,1.0,20.0,30.0,16.0,TAIWAN,30.0
6135,2019,6.1,18.0,20.0,170.0,183.0,PHILIPPINES,170.0
6140,2019,8.0,2.0,110.0,160.0,30.0,PERU,160.0
6141,2019,6.6,1.0,58.0,100.0,1.0,EL SALVADOR,100.0
6145,2019,5.8,13.0,10.0,30.0,200.0,CHINA,30.0
6147,2019,3.1,3.0,,120.0,6.0,POLAND,120.0
6148,2019,6.4,1.0,11.0,150.0,,USA,150.0
6150,2019,5.7,1.0,10.0,140.0,128.0,IRAN,140.0
6151,2019,5.6,1.0,24.0,170.0,3.0,PHILIPPINES,170.0
6153,2019,7.3,8.0,10.0,170.0,134.0,INDONESIA,170.0
6155,2019,3.8,1.0,10.0,60.0,,INDIA,60.0
6156,2019,6.0,9.0,10.0,170.0,64.0,PHILIPPINES,170.0
6157,2019,6.9,6.0,53.0,60.0,3.0,INDONESIA,60.0
6158,2019,5.9,1.0,10.0,30.0,,TAIWAN,30.0
6160,2019,5.1,1.0,10.0,30.0,63.0,CHINA,30.0
6162,2019,5.6,39.0,10.0,60.0,746.0,PAKISTAN,60.0
6163,2019,6.5,31.0,18.0,170.0,179.0,INDONESIA,170.0
6164,2019,5.7,1.0,10.0,140.0,34.0,TURKEY,140.0
6165,2019,6.1,1.0,129.0,160.0,,CHILE,160.0
6166,2019,6.8,1.0,11.0,160.0,,CHILE,160.0
6167,2019,5.0,1.0,54.0,170.0,2.0,INDONESIA,170.0
6168,2019,6.4,7.0,14.0,170.0,215.0,PHILIPPINES,170.0
6169,2019,6.6,12.0,15.0,170.0,417.0,PHILIPPINES,170.0
6170,2019,6.5,9.0,10.0,170.0,,PHILIPPINES,170.0
6172,2019,5.0,2.0,50.0,170.0,3.0,INDONESIA,170.0
6173,2019,7.1,1.0,33.0,170.0,3.0,INDONESIA,170.0
6175,2019,5.0,1.0,10.0,30.0,4.0,CHINA,30.0
6176,2019,6.4,51.0,20.0,130.0,2000.0,ALBANIA,130.0
6177,2019,6.8,13.0,22.0,170.0,210.0,PHILIPPINES,170.0
6179,2020,6.4,4.0,10.0,90.0,,USA TERRITORY,90.0
6180,2020,6.0,1.0,6.0,40.0,2.0,CHINA,40.0
6181,2020,6.7,41.0,12.0,140.0,1600.0,TURKEY,140.0
6183,2020,6.0,10.0,10.0,140.0,60.0,IRAN,140.0
6186,2020,5.4,1.0,10.0,130.0,27.0,CROATIA,130.0
6190,2020,4.6,2.0,10.0,140.0,22.0,IRAN,140.0
6191,2020,5.2,4.0,10.0,30.0,24.0,CHINA,30.0
